EVD,bin_1,bin_2,bin_3,bin_4,bin_5,bin_6,bin_7,bin_8,bin_9,bin_10,bin_11,bin_12,bin_13,bin_14,bin_15,bin_16,bin_17,bin_18,bin_19,bin_20,bin_21,bin_22,bin_23,bin_24,bin_25,bin_26,bin_27,bin_28,bin_29,bin_30,bin_31,bin_32,bin_33,bin_34,bin_35,bin_36,bin_37,bin_38,bin_39,bin_40,bin_41,bin_42,bin_43,bin_44,bin_45,bin_46,bin_47,bin_48,bin_49,bin_50,bin_51,bin_52,bin_53,bin_54,bin_55,bin_56,bin_57,bin_58,bin_59,bin_60,bin_61,bin_62,bin_63,bin_64,bin_65,bin_66,bin_67,bin_68,bin_69,bin_70,bin_71,bin_72,bin_73,bin_74,bin_75,bin_76,bin_77,bin_78,bin_79,bin_80,bin_81,bin_82,bin_83,bin_84,bin_85,bin_86,bin_87,bin_88,bin_89,bin_90,bin_91,bin_92,bin_93,bin_94,bin_95,bin_96,bin_97,bin_98,bin_99,bin_100
AT5TE20395,0,0.0,10.0,0.0,6.428571428571429,0,0,17.526,0,13.84,24.304999999999996,9.09,9.82,19.0975,20.633333333333333,12.886666666666665,41.07,0,19.735833333333336,33.33,20.675,25.19333333333333,30.150000000000006,25.162499999999998,0,40.0,18.689999999999998,20.575000000000003,5.126666666666667,31.060000000000002,0.0,0,22.22,3.3333333333333335,23.215,7.0825,0,0,15.38,8.57,0,0,15.48,0,25.177500000000002,54.364999999999995,44.167500000000004,0,22.62,28.6625,0,17.8575,38.095,0,34.7725,0,30.5975,0,34.615,0,23.334999999999997,18.75,1.6675,0,34.0475,12.312000000000001,0,27.855,0,34.725,33.185,17.915,12.5,0,6.25,12.903333333333334,0,34.875,10.745000000000001,16.73625,23.810000000000002,35.71333333333333,15.192499999999999,43.712500000000006,0,6.13,16.665,41.6325,21.43,0,0,0,0,7.145,12.145,17.36,12.504999999999999,0,0,15.178333333333333
