EVD,bin_1,bin_2,bin_3,bin_4,bin_5,bin_6,bin_7,bin_8,bin_9,bin_10,bin_11,bin_12,bin_13,bin_14,bin_15,bin_16,bin_17,bin_18,bin_19,bin_20,bin_21,bin_22,bin_23,bin_24,bin_25,bin_26,bin_27,bin_28,bin_29,bin_30,bin_31,bin_32,bin_33,bin_34,bin_35,bin_36,bin_37,bin_38,bin_39,bin_40,bin_41,bin_42,bin_43,bin_44,bin_45,bin_46,bin_47,bin_48,bin_49,bin_50,bin_51,bin_52,bin_53,bin_54,bin_55,bin_56,bin_57,bin_58,bin_59,bin_60,bin_61,bin_62,bin_63,bin_64,bin_65,bin_66,bin_67,bin_68,bin_69,bin_70,bin_71,bin_72,bin_73,bin_74,bin_75,bin_76,bin_77,bin_78,bin_79,bin_80,bin_81,bin_82,bin_83,bin_84,bin_85,bin_86,bin_87,bin_88,bin_89,bin_90,bin_91,bin_92,bin_93,bin_94,bin_95,bin_96,bin_97,bin_98,bin_99,bin_100
AT5TE20395,0.9388888888888888,3.0786363636363636,7.1137500000000005,1.92875,3.5641666666666665,5.439642857142857,3.107222222222222,3.967727272727273,4.525833333333334,2.813,12.778,12.274999999999999,20.902424242424246,23.163,9.799189189189189,11.109411764705882,21.480000000000004,10.51423076923077,13.534285714285716,13.56794871794872,8.905999999999999,9.070285714285713,16.467352941176472,12.071176470588236,15.08418604651163,19.272368421052633,18.42235294117647,8.215135135135137,13.914347826086955,11.716071428571428,2.7965384615384616,6.074400000000001,8.095862068965516,13.431363636363637,10.40970588235294,7.361,9.513421052631578,9.1532,11.9564,5.3537037037037045,9.635833333333332,13.672058823529412,5.349090909090909,4.643783783783784,35.330000000000005,27.24761904761905,10.894,8.076896551724138,19.332777777777775,11.2359375,6.912058823529412,13.61730769230769,14.0075,8.389117647058823,20.8446875,14.983249999999998,8.94342105263158,18.8075,24.10375,11.74575,12.035925925925927,16.38655172413793,3.714285714285714,2.9485714285714284,22.221818181818183,13.847105263157893,3.9405882352941184,22.353333333333335,11.311612903225805,11.153703703703703,7.01,21.465833333333336,22.117894736842107,22.794074074074075,9.702307692307691,17.2852,10.38825,11.287083333333333,23.979565217391308,5.84742857142857,18.58275862068966,31.09333333333333,10.891944444444444,15.543103448275861,9.453636363636365,9.735000000000001,16.676666666666666,20.13416666666667,16.9744,8.877272727272727,1.4322222222222223,10.7809375,14.803870967741936,11.486206896551723,26.85875,8.412285714285712,12.578999999999999,2.539615384615385,9.784782608695652,6.662857142857143
