EVD,bin_1,bin_2,bin_3,bin_4,bin_5,bin_6,bin_7,bin_8,bin_9,bin_10,bin_11,bin_12,bin_13,bin_14,bin_15,bin_16,bin_17,bin_18,bin_19,bin_20,bin_21,bin_22,bin_23,bin_24,bin_25,bin_26,bin_27,bin_28,bin_29,bin_30,bin_31,bin_32,bin_33,bin_34,bin_35,bin_36,bin_37,bin_38,bin_39,bin_40,bin_41,bin_42,bin_43,bin_44,bin_45,bin_46,bin_47,bin_48,bin_49,bin_50,bin_51,bin_52,bin_53,bin_54,bin_55,bin_56,bin_57,bin_58,bin_59,bin_60,bin_61,bin_62,bin_63,bin_64,bin_65,bin_66,bin_67,bin_68,bin_69,bin_70,bin_71,bin_72,bin_73,bin_74,bin_75,bin_76,bin_77,bin_78,bin_79,bin_80,bin_81,bin_82,bin_83,bin_84,bin_85,bin_86,bin_87,bin_88,bin_89,bin_90,bin_91,bin_92,bin_93,bin_94,bin_95,bin_96,bin_97,bin_98,bin_99,bin_100
AT5TE20395,0.0,2.263333333333333,0.6733333333333333,0.23307692307692307,0.0,2.163684210526316,0.0,2.708125,2.525,2.563846153846154,6.667222222222223,4.986666666666666,7.96,5.552941176470589,4.9190476190476184,3.6236363636363635,6.728181818181818,2.988947368421053,7.962777777777777,9.3996,3.602592592592593,4.23625,8.753928571428572,1.8724242424242423,2.3104545454545455,8.770909090909091,9.838055555555556,1.9444,1.5384615384615385,7.98304347826087,0.8119230769230769,0.6578947368421053,4.16,3.063125,1.0714285714285714,1.7473333333333334,2.96375,0.8795833333333333,4.431904761904762,5.748260869565216,3.4560869565217387,5.659642857142857,8.394444444444444,3.0375,16.389444444444443,18.80941176470588,12.236842105263158,12.671428571428573,1.5154545454545456,6.360869565217392,2.8676666666666666,3.1286956521739127,4.014782608695652,7.6552173913043475,8.5355,8.62,3.741904761904762,16.358235294117648,12.217777777777778,15.938529411764705,11.666666666666666,11.911052631578947,1.9842857142857144,3.755217391304348,11.2975,5.912857142857143,11.229999999999999,17.881,4.355599999999999,2.1547619047619047,5.772272727272727,8.352380952380953,3.143157894736842,10.1196,7.34125,1.7145,7.504999999999999,6.5578260869565215,9.57470588235294,1.5872,8.07857142857143,12.889999999999999,4.2888,11.256666666666666,3.129090909090909,2.9484615384615385,4.4345,15.833333333333334,6.348928571428571,5.016666666666667,2.272727272727273,6.623846153846153,5.915555555555556,10.879583333333334,4.608888888888889,3.9727272727272727,3.9466666666666668,2.4316,5.385862068965517,8.897368421052633
