EVD,bin_1,bin_2,bin_3,bin_4,bin_5,bin_6,bin_7,bin_8,bin_9,bin_10,bin_11,bin_12,bin_13,bin_14,bin_15,bin_16,bin_17,bin_18,bin_19,bin_20,bin_21,bin_22,bin_23,bin_24,bin_25,bin_26,bin_27,bin_28,bin_29,bin_30,bin_31,bin_32,bin_33,bin_34,bin_35,bin_36,bin_37,bin_38,bin_39,bin_40,bin_41,bin_42,bin_43,bin_44,bin_45,bin_46,bin_47,bin_48,bin_49,bin_50,bin_51,bin_52,bin_53,bin_54,bin_55,bin_56,bin_57,bin_58,bin_59,bin_60,bin_61,bin_62,bin_63,bin_64,bin_65,bin_66,bin_67,bin_68,bin_69,bin_70,bin_71,bin_72,bin_73,bin_74,bin_75,bin_76,bin_77,bin_78,bin_79,bin_80,bin_81,bin_82,bin_83,bin_84,bin_85,bin_86,bin_87,bin_88,bin_89,bin_90,bin_91,bin_92,bin_93,bin_94,bin_95,bin_96,bin_97,bin_98,bin_99,bin_100
AT5TE20395,0,77.9025,58.72625,0,46.642500000000005,0,0,90.475,86.4275,0,78.7675,69.79,100.0,41.370000000000005,0,0,76.16157894736841,85.9425,90.13875,80.923,81.72500000000001,0,92.4425,95.3125,0,90.3875,87.15625,75.52375,81.82000000000001,70.9825,0,0,93.86,90.0575,90.755,0,0,0,91.41,87.3075,0,0,97.5,77.27875,93.735,90.92916666666666,63.73500000000001,84.745,88.92,87.065,0,90.8785714285714,94.23,89.96166666666666,41.136,1.785,0,49.04,34.745,86.5625,42.12625,100.0,87.195,95.8325,95.60499999999999,89.21625,0,87.945,88.525,47.22375,97.185,96.2025,92.5825,89.69250000000001,78.0775,90.70083333333334,88.07625,96.05999999999999,94.06875,86.9675,96.37833333333333,82.74375,0,88.16249999999998,0,71.0575,86.44874999999999,88.7575,86.0425,0,0,0,89.7825,96.6675,65.77333333333333,87.78,64.47,0,0,92.33
