EVD,bin_1,bin_2,bin_3,bin_4,bin_5,bin_6,bin_7,bin_8,bin_9,bin_10,bin_11,bin_12,bin_13,bin_14,bin_15,bin_16,bin_17,bin_18,bin_19,bin_20,bin_21,bin_22,bin_23,bin_24,bin_25,bin_26,bin_27,bin_28,bin_29,bin_30,bin_31,bin_32,bin_33,bin_34,bin_35,bin_36,bin_37,bin_38,bin_39,bin_40,bin_41,bin_42,bin_43,bin_44,bin_45,bin_46,bin_47,bin_48,bin_49,bin_50,bin_51,bin_52,bin_53,bin_54,bin_55,bin_56,bin_57,bin_58,bin_59,bin_60,bin_61,bin_62,bin_63,bin_64,bin_65,bin_66,bin_67,bin_68,bin_69,bin_70,bin_71,bin_72,bin_73,bin_74,bin_75,bin_76,bin_77,bin_78,bin_79,bin_80,bin_81,bin_82,bin_83,bin_84,bin_85,bin_86,bin_87,bin_88,bin_89,bin_90,bin_91,bin_92,bin_93,bin_94,bin_95,bin_96,bin_97,bin_98,bin_99,bin_100
AT5TE20395,1.6853124999999998,8.003499999999999,12.645757575757576,3.3335,16.28,11.230454545454545,12.099565217391305,4.36421052631579,3.987647058823529,5.6415999999999995,8.862857142857143,13.1621875,24.330000000000002,26.723103448275864,20.64472222222222,20.859090909090906,27.07235294117647,16.603333333333335,24.997200000000003,17.35942857142857,23.374347826086954,23.719142857142852,21.673125,23.52818181818182,35.6575,32.547575757575764,28.4559375,30.00193548387097,39.9121052631579,20.3752,17.5,18.3148,19.186785714285715,22.643,21.163666666666664,17.56741935483871,18.12159090909091,20.198571428571427,13.808399999999999,17.631000000000004,32.32083333333333,19.5730303030303,11.555454545454547,23.233333333333334,41.33541666666667,36.0,18.5616,26.05548387096774,23.767333333333333,14.961724137931034,23.604999999999997,21.926086956521736,20.123448275862067,18.337419354838712,29.92166666666667,16.724117647058822,18.241666666666667,35.361481481481476,35.70100000000001,23.899393939393942,22.950000000000003,40.907391304347826,9.421785714285715,9.0665625,30.176363636363636,22.913428571428568,15.564062499999999,38.9621875,13.4625,13.60217391304348,14.989565217391304,27.286956521739125,42.52181818181818,29.19192307692308,23.771923076923073,34.318000000000005,27.335714285714282,26.372083333333336,32.17727272727273,10.464,18.892413793103447,41.9862962962963,20.484411764705882,26.625925925925927,14.47,25.708000000000002,19.45653846153846,24.3692,29.759285714285717,16.85322580645161,5.8640740740740736,11.8853125,23.581764705882353,16.847857142857144,27.8848275862069,20.18027777777778,18.1,6.587500000000001,26.62473684210526,23.880714285714287
