EVD,bin_1,bin_2,bin_3,bin_4,bin_5,bin_6,bin_7,bin_8,bin_9,bin_10,bin_11,bin_12,bin_13,bin_14,bin_15,bin_16,bin_17,bin_18,bin_19,bin_20,bin_21,bin_22,bin_23,bin_24,bin_25,bin_26,bin_27,bin_28,bin_29,bin_30,bin_31,bin_32,bin_33,bin_34,bin_35,bin_36,bin_37,bin_38,bin_39,bin_40,bin_41,bin_42,bin_43,bin_44,bin_45,bin_46,bin_47,bin_48,bin_49,bin_50,bin_51,bin_52,bin_53,bin_54,bin_55,bin_56,bin_57,bin_58,bin_59,bin_60,bin_61,bin_62,bin_63,bin_64,bin_65,bin_66,bin_67,bin_68,bin_69,bin_70,bin_71,bin_72,bin_73,bin_74,bin_75,bin_76,bin_77,bin_78,bin_79,bin_80,bin_81,bin_82,bin_83,bin_84,bin_85,bin_86,bin_87,bin_88,bin_89,bin_90,bin_91,bin_92,bin_93,bin_94,bin_95,bin_96,bin_97,bin_98,bin_99,bin_100
AT5TE20395,0,78.9275,43.373333333333335,0,51.666666666666664,0,0,20.633333333333333,61.11,0,94.44333333333333,77.295,100.0,93.125,0,0,75.47714285714285,87.8,95.23857142857142,93.9275,84.12666666666667,0,82.668,80.9525,0,72.61749999999999,87.77857142857144,73.17625,90.27666666666666,92.25999999999999,0,0,76.66666666666667,69.26,70.37,0,0,0,70.37,68.25666666666667,0,0,100.0,65.0,94.445,84.445,84.842,93.75,75.0025,58.980000000000004,0,97.2225,100.0,100.0,95.0,39.285,0,0.0,81.46545454545455,68.14999999999999,42.13,85.43111111111111,76.11,80.55666666666667,87.98583333333333,80.23166666666667,0,81.56888888888889,82.87,37.73166666666666,74.20666666666666,83.135,84.12666666666667,79.36666666666667,27.776666666666667,76.06666666666666,84.98666666666666,91.53333333333332,69.16666666666667,83.33333333333333,88.14777777777778,75.14,0,72.4688888888889,0,78.33333333333333,75.43166666666667,72.88333333333333,74.40333333333332,0,0,0,51.85333333333333,72.22333333333334,70.118,66.67,74.60333333333334,0,0,27.776666666666667
