EVD,bin_1,bin_2,bin_3,bin_4,bin_5,bin_6,bin_7,bin_8,bin_9,bin_10,bin_11,bin_12,bin_13,bin_14,bin_15,bin_16,bin_17,bin_18,bin_19,bin_20,bin_21,bin_22,bin_23,bin_24,bin_25,bin_26,bin_27,bin_28,bin_29,bin_30,bin_31,bin_32,bin_33,bin_34,bin_35,bin_36,bin_37,bin_38,bin_39,bin_40,bin_41,bin_42,bin_43,bin_44,bin_45,bin_46,bin_47,bin_48,bin_49,bin_50,bin_51,bin_52,bin_53,bin_54,bin_55,bin_56,bin_57,bin_58,bin_59,bin_60,bin_61,bin_62,bin_63,bin_64,bin_65,bin_66,bin_67,bin_68,bin_69,bin_70,bin_71,bin_72,bin_73,bin_74,bin_75,bin_76,bin_77,bin_78,bin_79,bin_80,bin_81,bin_82,bin_83,bin_84,bin_85,bin_86,bin_87,bin_88,bin_89,bin_90,bin_91,bin_92,bin_93,bin_94,bin_95,bin_96,bin_97,bin_98,bin_99,bin_100
AT5TE20395,0,48.4225,49.011250000000004,0,47.625,0,0,73.6725,39.167500000000004,0,83.5675,57.37875,100.0,86.96833333333332,0,0,79.42642857142857,83.35624999999999,90.8475,71.104,89.78666666666668,0,75.85666666666667,73.79333333333334,0,70.0,90.47571428571429,70.74857142857142,88.05499999999999,72.875,0,0,78.73,73.27,86.64,0,0,0,83.83,40.23666666666667,0,0,85.87,54.53,87.60125,72.2118181818182,70.28818181818183,80.31142857142856,72.51142857142858,90.60875,0,87.21428571428571,96.59,95.88833333333332,79.75333333333334,38.18,0,32.585,84.89384615384614,55.94666666666666,43.95666666666667,86.58699999999999,67.75666666666666,91.29666666666667,89.55,81.22749999999999,0,69.56777777777778,83.48666666666666,43.51833333333334,81.92714285714285,91.92666666666666,89.31666666666666,95.88333333333333,55.80666666666667,92.0988888888889,61.91,36.20333333333333,89.54833333333333,91.66666666666667,96.5090909090909,85.38571428571429,0,81.15666666666667,0,74.72333333333333,89.305,91.6277777777778,85.74000000000001,0,0,0,83.72333333333333,96.52333333333333,83.5175,81.66499999999999,87.66666666666667,0,0,84.45333333333333
