EVD,bin_1,bin_2,bin_3,bin_4,bin_5,bin_6,bin_7,bin_8,bin_9,bin_10,bin_11,bin_12,bin_13,bin_14,bin_15,bin_16,bin_17,bin_18,bin_19,bin_20,bin_21,bin_22,bin_23,bin_24,bin_25,bin_26,bin_27,bin_28,bin_29,bin_30,bin_31,bin_32,bin_33,bin_34,bin_35,bin_36,bin_37,bin_38,bin_39,bin_40,bin_41,bin_42,bin_43,bin_44,bin_45,bin_46,bin_47,bin_48,bin_49,bin_50,bin_51,bin_52,bin_53,bin_54,bin_55,bin_56,bin_57,bin_58,bin_59,bin_60,bin_61,bin_62,bin_63,bin_64,bin_65,bin_66,bin_67,bin_68,bin_69,bin_70,bin_71,bin_72,bin_73,bin_74,bin_75,bin_76,bin_77,bin_78,bin_79,bin_80,bin_81,bin_82,bin_83,bin_84,bin_85,bin_86,bin_87,bin_88,bin_89,bin_90,bin_91,bin_92,bin_93,bin_94,bin_95,bin_96,bin_97,bin_98,bin_99,bin_100
AT5TE20395,91.66499999999999,75.0,60.2775,65.714,71.6075,100.0,65.0,76.66666666666667,58.335,83.33500000000001,85.18666666666667,38.927499999999995,100.0,73.55166666666666,90.0,100.0,45.43636363636364,84.375,89.445,88.76333333333334,80.0,100.0,90.1775,100.0,0,89.1675,92.77666666666666,77.7775,92.85499999999999,88.095,60.417500000000004,93.3025,91.5175,89.07124999999999,83.63,72.6175,71.13250000000001,0,92.45833333333333,87.2225,83.095,92.85499999999999,76.19250000000001,64.435,62.61833333333333,77.27785714285714,90.15333333333334,91.61,94.64200000000001,83.2,100.0,91.50416666666666,89.40333333333332,92.5,86.26444444444445,73.75,45.0,68.73666666666666,80.8709090909091,46.904999999999994,55.76666666666667,88.05,48.9975,89.28500000000001,91.954,84.86125,81.25,80.33916666666666,67.824,44.6425,86.12899999999999,86.66666666666667,22.5,59.423333333333325,84.16714285714285,70.0,98.3325,100.0,90.5775,74.7625,95.73875,74.65375,0,71.90375,0,61.365,96.0,93.05571428571429,81.666,100.0,100.0,0,90.47666666666667,90.53125,71.00333333333334,81.19666666666667,68.334,0,0,95.0
