EVD,bin_1,bin_2,bin_3,bin_4,bin_5,bin_6,bin_7,bin_8,bin_9,bin_10,bin_11,bin_12,bin_13,bin_14,bin_15,bin_16,bin_17,bin_18,bin_19,bin_20,bin_21,bin_22,bin_23,bin_24,bin_25,bin_26,bin_27,bin_28,bin_29,bin_30,bin_31,bin_32,bin_33,bin_34,bin_35,bin_36,bin_37,bin_38,bin_39,bin_40,bin_41,bin_42,bin_43,bin_44,bin_45,bin_46,bin_47,bin_48,bin_49,bin_50,bin_51,bin_52,bin_53,bin_54,bin_55,bin_56,bin_57,bin_58,bin_59,bin_60,bin_61,bin_62,bin_63,bin_64,bin_65,bin_66,bin_67,bin_68,bin_69,bin_70,bin_71,bin_72,bin_73,bin_74,bin_75,bin_76,bin_77,bin_78,bin_79,bin_80,bin_81,bin_82,bin_83,bin_84,bin_85,bin_86,bin_87,bin_88,bin_89,bin_90,bin_91,bin_92,bin_93,bin_94,bin_95,bin_96,bin_97,bin_98,bin_99,bin_100
AT5TE20395,16.67,8.335,14.286666666666667,0.0,3.5725,0.0,0,36.906000000000006,20.0,19.7925,42.85666666666666,25.0,0.0,29.166666666666668,17.5625,17.738,22.22,0.0,3.3333333333333335,16.67,8.5725,13.89,16.8675,12.5,0,6.25,20.636666666666667,8.335,8.335,17.145,5.0,53.57,30.21666666666667,25.0,14.29,5.5566666666666675,27.145,0,5.5566666666666675,50.0,0,85.715,20.0,25.0,34.845,46.43,45.455,37.303333333333335,32.5,17.235,0,26.6675,23.215,0,45.5,0,18.9375,40.0,14.36,16.67,26.840000000000003,19.166666666666668,1.3883333333333334,0,47.917500000000004,33.11857142857143,18.75,27.0825,43.25333333333333,42.36,34.446000000000005,30.0,8.3325,28.57,38.096666666666664,15.556000000000001,0,42.5,13.295,31.986666666666668,27.78,23.3325,25.873333333333335,27.070000000000004,0,0.0,48.48333333333333,60.15,12.5,61.10999999999999,0,80.0,66.67,33.335,12.5,33.333333333333336,11.614999999999998,0.0,53.335,19.1625
