EVD,bin_1,bin_2,bin_3,bin_4,bin_5,bin_6,bin_7,bin_8,bin_9,bin_10,bin_11,bin_12,bin_13,bin_14,bin_15,bin_16,bin_17,bin_18,bin_19,bin_20,bin_21,bin_22,bin_23,bin_24,bin_25,bin_26,bin_27,bin_28,bin_29,bin_30,bin_31,bin_32,bin_33,bin_34,bin_35,bin_36,bin_37,bin_38,bin_39,bin_40,bin_41,bin_42,bin_43,bin_44,bin_45,bin_46,bin_47,bin_48,bin_49,bin_50,bin_51,bin_52,bin_53,bin_54,bin_55,bin_56,bin_57,bin_58,bin_59,bin_60,bin_61,bin_62,bin_63,bin_64,bin_65,bin_66,bin_67,bin_68,bin_69,bin_70,bin_71,bin_72,bin_73,bin_74,bin_75,bin_76,bin_77,bin_78,bin_79,bin_80,bin_81,bin_82,bin_83,bin_84,bin_85,bin_86,bin_87,bin_88,bin_89,bin_90,bin_91,bin_92,bin_93,bin_94,bin_95,bin_96,bin_97,bin_98,bin_99,bin_100
AT5TE20395,0,0.0,0.0,0.0,1.6666666666666667,0,0,28.379999999999995,0,29.763333333333332,39.8825,23.81,20.835,22.36,7.74,28.682857142857138,86.60499999999999,0,8.055555555555555,31.25,10.222,48.215,36.0,16.665,0,7.145,44.44333333333333,14.5825,2.7775,66.66499999999999,0.0,0,30.0,3.5725,33.33,9.0275,0,0,0.0,0.0,0,0,0,0,20.0,25.0,77.78,0,11.11,26.665,0,15.555,50.0,0,42.86,0,23.61,0,0.0,0,8.125,0.0,0.0,0,53.96666666666667,19.5825,0,27.776666666666667,0,20.8325,21.875,19.44333333333333,14.29,0,23.810000000000002,3.3333333333333335,0,34.13,7.798333333333333,4.166666666666667,44.843333333333334,11.25,12.223333333333334,19.44333333333333,0,0.0,39.285,34.879999999999995,29.765,0,0,0,0,13.395,18.75,8.333333333333334,19.44333333333333,0,0,19.0
