EVD,bin_1,bin_2,bin_3,bin_4,bin_5,bin_6,bin_7,bin_8,bin_9,bin_10,bin_11,bin_12,bin_13,bin_14,bin_15,bin_16,bin_17,bin_18,bin_19,bin_20,bin_21,bin_22,bin_23,bin_24,bin_25,bin_26,bin_27,bin_28,bin_29,bin_30,bin_31,bin_32,bin_33,bin_34,bin_35,bin_36,bin_37,bin_38,bin_39,bin_40,bin_41,bin_42,bin_43,bin_44,bin_45,bin_46,bin_47,bin_48,bin_49,bin_50,bin_51,bin_52,bin_53,bin_54,bin_55,bin_56,bin_57,bin_58,bin_59,bin_60,bin_61,bin_62,bin_63,bin_64,bin_65,bin_66,bin_67,bin_68,bin_69,bin_70,bin_71,bin_72,bin_73,bin_74,bin_75,bin_76,bin_77,bin_78,bin_79,bin_80,bin_81,bin_82,bin_83,bin_84,bin_85,bin_86,bin_87,bin_88,bin_89,bin_90,bin_91,bin_92,bin_93,bin_94,bin_95,bin_96,bin_97,bin_98,bin_99,bin_100
AT5TE20395,0.37194444444444447,3.6662500000000002,8.5290625,1.3819148936170214,1.88875,2.183214285714286,0.8786111111111112,1.7827272727272727,0.8337499999999999,2.2386666666666666,7.304137931034482,4.147142857142858,8.968181818181819,4.5053125000000005,4.675952380952381,12.333947368421054,14.087222222222222,6.168928571428571,15.295925925925927,9.767619047619046,8.960909090909093,7.678888888888888,19.55,8.5646875,8.173111111111108,19.85025,18.097,10.671,22.429375,9.190322580645162,6.389166666666665,4.738666666666666,6.882941176470588,11.795769230769231,7.667222222222222,8.691578947368418,10.247608695652174,10.0759375,13.929642857142856,6.343823529411765,13.099,11.212777777777779,11.564400000000001,13.252432432432432,29.625,37.88652173913044,11.328275862068965,8.665151515151516,26.835500000000003,11.634375,7.404736842105262,14.77230769230769,11.004864864864867,11.300555555555555,15.467647058823529,4.82325,6.710500000000001,17.450285714285712,14.421,12.964634146341462,11.17375,26.717857142857145,2.9977419354838712,2.832777777777778,18.25166666666667,15.287435897435895,5.229473684210525,31.335161290322585,9.757222222222222,10.447096774193547,12.943125000000002,24.19464285714286,27.281071428571426,20.278484848484847,18.36441176470588,22.350000000000005,25.25702702702703,22.639999999999997,27.582307692307698,12.154,19.29966666666667,34.88793103448276,15.658249999999999,22.759642857142858,11.74952380952381,16.888235294117646,19.524333333333335,24.42259259259259,18.05971428571429,11.482954545454545,4.084999999999999,11.181621621621622,16.49025,20.307837837837845,18.670833333333334,12.913947368421054,7.039642857142858,2.8446875,9.9803125,7.1472727272727266
