EVD,bin_1,bin_2,bin_3,bin_4,bin_5,bin_6,bin_7,bin_8,bin_9,bin_10,bin_11,bin_12,bin_13,bin_14,bin_15,bin_16,bin_17,bin_18,bin_19,bin_20,bin_21,bin_22,bin_23,bin_24,bin_25,bin_26,bin_27,bin_28,bin_29,bin_30,bin_31,bin_32,bin_33,bin_34,bin_35,bin_36,bin_37,bin_38,bin_39,bin_40,bin_41,bin_42,bin_43,bin_44,bin_45,bin_46,bin_47,bin_48,bin_49,bin_50,bin_51,bin_52,bin_53,bin_54,bin_55,bin_56,bin_57,bin_58,bin_59,bin_60,bin_61,bin_62,bin_63,bin_64,bin_65,bin_66,bin_67,bin_68,bin_69,bin_70,bin_71,bin_72,bin_73,bin_74,bin_75,bin_76,bin_77,bin_78,bin_79,bin_80,bin_81,bin_82,bin_83,bin_84,bin_85,bin_86,bin_87,bin_88,bin_89,bin_90,bin_91,bin_92,bin_93,bin_94,bin_95,bin_96,bin_97,bin_98,bin_99,bin_100
AT5TE20395,0,7.145,16.665,5.5566666666666675,16.826666666666668,0,0,25.298333333333336,0,23.7725,21.39,48.18,14.545,26.5175,31.9125,40.44571428571429,75.63,0,25.570999999999998,25.595,32.94833333333333,32.019999999999996,23.796,45.835,0,64.16499999999999,10.07,26.5275,28.03,40.0,16.665,0,41.765,5.0,50.0,15.625,0,0,10.0,22.62,0,0,0.0,0,44.09,72.21999999999998,61.785,0,33.33,34.745000000000005,0,37.5,76.96000000000001,0,58.212500000000006,0,26.666666666666668,0,40.0,0,19.0,14.29,0.0,0,65.08,54.089999999999996,0,22.045,0,38.095,77.08500000000001,26.189999999999998,38.095,0,24.642500000000002,20.771428571428572,0,53.70333333333334,36.652857142857144,25.357142857142858,51.39000000000001,59.120000000000005,43.666666666666664,40.873333333333335,0,17.722,57.14,53.778,66.67,0,0,0,0,0.0,44.44,46.39000000000001,10.74,0,0,40.15
