EVD,bin_1,bin_2,bin_3,bin_4,bin_5,bin_6,bin_7,bin_8,bin_9,bin_10,bin_11,bin_12,bin_13,bin_14,bin_15,bin_16,bin_17,bin_18,bin_19,bin_20,bin_21,bin_22,bin_23,bin_24,bin_25,bin_26,bin_27,bin_28,bin_29,bin_30,bin_31,bin_32,bin_33,bin_34,bin_35,bin_36,bin_37,bin_38,bin_39,bin_40,bin_41,bin_42,bin_43,bin_44,bin_45,bin_46,bin_47,bin_48,bin_49,bin_50,bin_51,bin_52,bin_53,bin_54,bin_55,bin_56,bin_57,bin_58,bin_59,bin_60,bin_61,bin_62,bin_63,bin_64,bin_65,bin_66,bin_67,bin_68,bin_69,bin_70,bin_71,bin_72,bin_73,bin_74,bin_75,bin_76,bin_77,bin_78,bin_79,bin_80,bin_81,bin_82,bin_83,bin_84,bin_85,bin_86,bin_87,bin_88,bin_89,bin_90,bin_91,bin_92,bin_93,bin_94,bin_95,bin_96,bin_97,bin_98,bin_99,bin_100
AT5TE20395,0,6.25,3.335,2.0825,1.9337499999999999,0,0,14.726666666666667,0,14.4475,23.96,13.635,7.145,4.859999999999999,15.2775,34.405,65.48,0,11.071818181818182,10.0,12.263333333333334,22.4825,35.13166666666667,4.34,0,33.635,17.29,8.3325,5.2775,35.715,0.0,0,25.835,2.0825,16.25,10.0125,0,0,12.5,10.0,0,0,4.545,0,45.875,55.55499999999999,32.99666666666666,0,12.5,19.775,0,22.2,53.635,0,9.225,0,5.0,0,12.935,0,13.333333333333334,12.690000000000001,8.3125,0,30.456666666666663,19.728333333333335,0,15.1375,0,42.8575,36.0825,35.9075,31.54,0,19.317500000000003,11.057500000000001,0,48.3375,24.6725,30.595,46.785,46.54833333333334,33.78,27.856666666666666,0,22.56833333333333,38.035,49.26125,29.67,0,0,0,0,3.335,0.0,30.2375,13.305,0,0,20.563333333333333
