EVD,bin_1,bin_2,bin_3,bin_4,bin_5,bin_6,bin_7,bin_8,bin_9,bin_10,bin_11,bin_12,bin_13,bin_14,bin_15,bin_16,bin_17,bin_18,bin_19,bin_20,bin_21,bin_22,bin_23,bin_24,bin_25,bin_26,bin_27,bin_28,bin_29,bin_30,bin_31,bin_32,bin_33,bin_34,bin_35,bin_36,bin_37,bin_38,bin_39,bin_40,bin_41,bin_42,bin_43,bin_44,bin_45,bin_46,bin_47,bin_48,bin_49,bin_50,bin_51,bin_52,bin_53,bin_54,bin_55,bin_56,bin_57,bin_58,bin_59,bin_60,bin_61,bin_62,bin_63,bin_64,bin_65,bin_66,bin_67,bin_68,bin_69,bin_70,bin_71,bin_72,bin_73,bin_74,bin_75,bin_76,bin_77,bin_78,bin_79,bin_80,bin_81,bin_82,bin_83,bin_84,bin_85,bin_86,bin_87,bin_88,bin_89,bin_90,bin_91,bin_92,bin_93,bin_94,bin_95,bin_96,bin_97,bin_98,bin_99,bin_100
AT5TE20395,8.559666666666665,8.149999999999999,7.723103448275861,4.370645161290323,5.754,10.44,5.823793103448275,7.551875,7.0304166666666665,5.886538461538462,10.632068965517242,17.1625,6.863809523809524,19.387199999999996,7.266129032258065,15.278260869565216,12.53111111111111,4.545454545454546,11.646190476190476,12.572000000000001,7.904230769230769,9.768823529411764,14.405000000000001,9.315625,5.203947368421052,16.156,17.32363636363636,14.748484848484848,14.4615625,14.914615384615386,6.3924324324324315,21.958000000000002,19.90448275862069,16.844347826086956,7.83264705882353,17.546206896551723,15.071538461538463,9.777142857142858,16.732222222222223,16.923333333333336,15.4734375,18.525151515151517,17.960000000000004,12.2690625,23.86259259259259,20.509090909090908,26.8765625,16.404827586206896,21.438333333333333,7.8103030303030305,14.008888888888889,17.9476,10.212105263157895,14.671388888888892,25.395862068965517,16.239189189189187,9.273428571428571,14.981785714285715,21.66551724137931,17.68857142857143,16.62030303030303,14.804193548387099,5.562258064516129,8.44111111111111,19.104642857142856,16.651290322580646,8.799,30.468709677419355,16.0165625,4.343636363636364,19.36423076923077,14.50162162162162,13.951428571428574,15.489354838709676,21.877777777777776,18.969032258064516,15.004000000000001,11.809375,12.552999999999999,13.398000000000001,16.924,17.73548387096774,7.450731707317074,17.53608695652174,9.077567567567568,10.985483870967741,19.9844,17.965333333333334,12.123125,8.425384615384615,3.8404347826086958,8.921428571428573,13.116799999999998,14.035185185185187,12.547222222222222,16.674062499999998,11.451666666666668,3.7624999999999997,13.506666666666668,5.2915
