EVD,bin_1,bin_2,bin_3,bin_4,bin_5,bin_6,bin_7,bin_8,bin_9,bin_10,bin_11,bin_12,bin_13,bin_14,bin_15,bin_16,bin_17,bin_18,bin_19,bin_20,bin_21,bin_22,bin_23,bin_24,bin_25,bin_26,bin_27,bin_28,bin_29,bin_30,bin_31,bin_32,bin_33,bin_34,bin_35,bin_36,bin_37,bin_38,bin_39,bin_40,bin_41,bin_42,bin_43,bin_44,bin_45,bin_46,bin_47,bin_48,bin_49,bin_50,bin_51,bin_52,bin_53,bin_54,bin_55,bin_56,bin_57,bin_58,bin_59,bin_60,bin_61,bin_62,bin_63,bin_64,bin_65,bin_66,bin_67,bin_68,bin_69,bin_70,bin_71,bin_72,bin_73,bin_74,bin_75,bin_76,bin_77,bin_78,bin_79,bin_80,bin_81,bin_82,bin_83,bin_84,bin_85,bin_86,bin_87,bin_88,bin_89,bin_90,bin_91,bin_92,bin_93,bin_94,bin_95,bin_96,bin_97,bin_98,bin_99,bin_100
AT5TE20395,0.3472222222222222,2.395454545454545,2.7691666666666666,0.8148888888888889,3.4029166666666666,1.7264285714285716,3.136388888888889,3.9829999999999997,1.6595454545454544,2.5755172413793104,7.249655172413792,7.106060606060606,12.210606060606063,19.55222222222222,11.521794871794873,6.874736842105263,8.077777777777778,11.43142857142857,18.459310344827585,17.007692307692306,10.458750000000002,10.130555555555555,16.165555555555553,11.11709677419355,12.221944444444443,13.788,21.032857142857143,9.387567567567569,15.529230769230766,10.765185185185187,3.2251724137931035,5.045,8.32625,16.00913043478261,8.233125,7.880882352941178,9.248571428571429,8.140689655172412,12.981249999999998,5.917419354838709,8.591666666666667,11.612121212121211,12.700909090909091,8.992121212121212,25.506086956521738,51.05058823529412,21.795833333333334,12.122727272727273,25.24541666666667,14.92939393939394,9.037105263157894,13.633214285714285,9.439722222222223,10.637941176470589,21.694193548387098,12.15425,11.840625000000001,21.8376,28.055714285714288,19.361951219512196,20.66074074074074,22.64375,3.9606250000000003,5.058055555555557,20.419642857142858,7.64051282051282,5.2043333333333335,25.645000000000003,4.606486486486487,7.777666666666666,11.534137931034481,25.70333333333333,19.04807692307692,18.0584375,14.993333333333332,14.173461538461538,22.124146341463412,19.37392857142857,18.734814814814815,4.889444444444445,16.303,24.802142857142858,10.31325,14.09037037037037,7.110000000000001,6.342941176470588,18.98966666666667,23.45888888888889,11.106562499999999,7.370454545454544,1.5155,8.405135135135135,13.305952380952382,21.718378378378375,17.731315789473683,7.381176470588235,4.147241379310345,3.9375,8.07125,3.3857142857142852
