EVD,bin_1,bin_2,bin_3,bin_4,bin_5,bin_6,bin_7,bin_8,bin_9,bin_10,bin_11,bin_12,bin_13,bin_14,bin_15,bin_16,bin_17,bin_18,bin_19,bin_20,bin_21,bin_22,bin_23,bin_24,bin_25,bin_26,bin_27,bin_28,bin_29,bin_30,bin_31,bin_32,bin_33,bin_34,bin_35,bin_36,bin_37,bin_38,bin_39,bin_40,bin_41,bin_42,bin_43,bin_44,bin_45,bin_46,bin_47,bin_48,bin_49,bin_50,bin_51,bin_52,bin_53,bin_54,bin_55,bin_56,bin_57,bin_58,bin_59,bin_60,bin_61,bin_62,bin_63,bin_64,bin_65,bin_66,bin_67,bin_68,bin_69,bin_70,bin_71,bin_72,bin_73,bin_74,bin_75,bin_76,bin_77,bin_78,bin_79,bin_80,bin_81,bin_82,bin_83,bin_84,bin_85,bin_86,bin_87,bin_88,bin_89,bin_90,bin_91,bin_92,bin_93,bin_94,bin_95,bin_96,bin_97,bin_98,bin_99,bin_100
AT5TE20395,0,0.0,2.0,0.0,6.35375,0,0,21.423333333333332,0,24.5775,42.40333333333333,37.78,6.25,14.782499999999999,20.29,22.695,84.445,0,9.261,39.285,21.959999999999997,17.183333333333334,10.7725,13.0825,0,15.28,17.223333333333333,18.5875,10.2625,31.044999999999998,3.125,0,26.665,5.555,11.515,1.39,0,0,0.0,10.084999999999999,0,0,3.57,0,55.35,36.6375,16.2,0,7.41,28.9675,0,24.2175,48.41,0,48.019999999999996,0,30.23,0,26.189999999999998,0,8.915,21.74,9.8775,0,35.11,32.275999999999996,0,19.0975,0,21.86,32.99333333333333,20.5,31.0,0,24.295,12.153333333333334,0,34.92333333333333,12.542857142857143,17.782857142857143,43.335,34.902,26.286666666666665,50.05,0,9.37,19.05,37.11833333333333,38.46,0,0,0,0,17.65,10.0,26.123333333333335,31.872857142857146,0,0,35.35
