EVD,bin_1,bin_2,bin_3,bin_4,bin_5,bin_6,bin_7,bin_8,bin_9,bin_10,bin_11,bin_12,bin_13,bin_14,bin_15,bin_16,bin_17,bin_18,bin_19,bin_20,bin_21,bin_22,bin_23,bin_24,bin_25,bin_26,bin_27,bin_28,bin_29,bin_30,bin_31,bin_32,bin_33,bin_34,bin_35,bin_36,bin_37,bin_38,bin_39,bin_40,bin_41,bin_42,bin_43,bin_44,bin_45,bin_46,bin_47,bin_48,bin_49,bin_50,bin_51,bin_52,bin_53,bin_54,bin_55,bin_56,bin_57,bin_58,bin_59,bin_60,bin_61,bin_62,bin_63,bin_64,bin_65,bin_66,bin_67,bin_68,bin_69,bin_70,bin_71,bin_72,bin_73,bin_74,bin_75,bin_76,bin_77,bin_78,bin_79,bin_80,bin_81,bin_82,bin_83,bin_84,bin_85,bin_86,bin_87,bin_88,bin_89,bin_90,bin_91,bin_92,bin_93,bin_94,bin_95,bin_96,bin_97,bin_98,bin_99,bin_100
AT5TE20395,1.0715625,6.0955,7.323793103448275,1.2605882352941176,7.345555555555555,3.3334615384615387,1.7860714285714288,0.5555555555555556,6.032666666666667,2.3811111111111107,11.258888888888889,7.479117647058824,16.51103448275862,34.58592592592592,7.994210526315789,18.412727272727274,27.01533333333333,13.478695652173913,21.031904761904762,17.3996875,7.555599999999999,20.347083333333334,22.569999999999997,9.841071428571428,13.797857142857143,16.54888888888889,20.071428571428573,5.578461538461538,25.3108,15.360999999999999,5.314666666666667,5.0,13.055384615384614,21.5625,6.614999999999999,11.266399999999999,8.037812500000001,3.7154166666666666,2.938421052631579,6.5,19.3395,12.999499999999998,12.12090909090909,7.8637500000000005,40.638999999999996,27.905384615384612,17.46888888888889,13.347894736842106,32.619,5.18923076923077,9.931666666666667,17.552999999999997,12.799999999999999,5.476190476190476,19.651,16.188695652173912,12.387599999999999,8.125,18.66181818181818,11.59925,12.806,15.03076923076923,2.1542857142857144,3.345217391304348,15.019499999999999,9.711153846153847,13.20153846153846,34.987037037037034,10.741923076923076,8.3904,5.376,11.199545454545454,16.170454545454547,17.017500000000002,7.582592592592594,9.58095238095238,17.8384,14.441739130434781,11.489473684210527,7.771599999999999,8.20111111111111,22.413888888888888,6.897407407407407,12.627,7.75969696969697,6.772592592592593,7.1431249999999995,17.039333333333335,16.54,6.462571428571428,2.068787878787879,3.2741666666666664,5.787222222222223,11.955714285714285,12.256818181818181,14.09,10.734583333333333,2.6668000000000003,11.515172413793106,6.697
