EVD,bin_1,bin_2,bin_3,bin_4,bin_5,bin_6,bin_7,bin_8,bin_9,bin_10,bin_11,bin_12,bin_13,bin_14,bin_15,bin_16,bin_17,bin_18,bin_19,bin_20,bin_21,bin_22,bin_23,bin_24,bin_25,bin_26,bin_27,bin_28,bin_29,bin_30,bin_31,bin_32,bin_33,bin_34,bin_35,bin_36,bin_37,bin_38,bin_39,bin_40,bin_41,bin_42,bin_43,bin_44,bin_45,bin_46,bin_47,bin_48,bin_49,bin_50,bin_51,bin_52,bin_53,bin_54,bin_55,bin_56,bin_57,bin_58,bin_59,bin_60,bin_61,bin_62,bin_63,bin_64,bin_65,bin_66,bin_67,bin_68,bin_69,bin_70,bin_71,bin_72,bin_73,bin_74,bin_75,bin_76,bin_77,bin_78,bin_79,bin_80,bin_81,bin_82,bin_83,bin_84,bin_85,bin_86,bin_87,bin_88,bin_89,bin_90,bin_91,bin_92,bin_93,bin_94,bin_95,bin_96,bin_97,bin_98,bin_99,bin_100
AT5TE20395,0,35.425,31.69625,0,56.41250000000001,0,0,73.05,51.667500000000004,0,82.57666666666667,56.541428571428575,90.0,75.03999999999999,0,0,65.065,86.77125000000001,83.76625,76.83272727272727,80.2775,0,77.57285714285715,79.1675,0,100.0,86.42714285714285,84.13624999999999,85.625,84.285,0,0,84.47333333333334,83.69,83.75,0,0,0,87.77666666666666,70.6825,0,0,91.88,40.14714285714286,90.40142857142858,84.89090909090909,78.8175,78.125,81.88624999999999,81.77,0,76.55624999999999,79.5625,76.925,82.95666666666668,61.155,0,34.775,94.459375,83.6425,70.38624999999999,89.18916666666667,67.25500000000001,83.395,86.8725,60.11857142857143,0,77.023,49.949999999999996,46.660000000000004,93.17,84.28875,83.65249999999999,83.75,65.3175,86.50999999999999,83.36857142857143,92.8575,88.85875,79.25750000000001,88.57272727272726,84.91,0,82.65333333333334,0,31.625,79.2975,84.15333333333335,89.5825,0,0,0,89.6425,89.39500000000001,78.24,74.17500000000001,62.582499999999996,0,0,91.4275
