EVD,bin_1,bin_2,bin_3,bin_4,bin_5,bin_6,bin_7,bin_8,bin_9,bin_10,bin_11,bin_12,bin_13,bin_14,bin_15,bin_16,bin_17,bin_18,bin_19,bin_20,bin_21,bin_22,bin_23,bin_24,bin_25,bin_26,bin_27,bin_28,bin_29,bin_30,bin_31,bin_32,bin_33,bin_34,bin_35,bin_36,bin_37,bin_38,bin_39,bin_40,bin_41,bin_42,bin_43,bin_44,bin_45,bin_46,bin_47,bin_48,bin_49,bin_50,bin_51,bin_52,bin_53,bin_54,bin_55,bin_56,bin_57,bin_58,bin_59,bin_60,bin_61,bin_62,bin_63,bin_64,bin_65,bin_66,bin_67,bin_68,bin_69,bin_70,bin_71,bin_72,bin_73,bin_74,bin_75,bin_76,bin_77,bin_78,bin_79,bin_80,bin_81,bin_82,bin_83,bin_84,bin_85,bin_86,bin_87,bin_88,bin_89,bin_90,bin_91,bin_92,bin_93,bin_94,bin_95,bin_96,bin_97,bin_98,bin_99,bin_100
AT5TE20395,0,0.0,0.0,0.0,0.0,0,0,21.03,0,10.0,8.3325,11.11,0.0,5.0,12.5,15.874,18.18,0,4.56375,33.33,4.166666666666667,15.873333333333333,18.054,0.0,0,12.5,3.5725,0.0,0.0,25.0,0.0,0,5.0,0.0,0.0,14.443333333333333,0,0,0.0,0.0,0,0,5.0,0,10.0,22.22,44.446666666666665,0,4.545,6.666666666666667,0,2.5,20.0,0,34.92,0,23.61,0,20.0,0,0.0,20.0,8.096666666666666,0,46.665,8.5725,0,20.0,0,11.11,26.786666666666665,8.333333333333334,0.0,0,4.166666666666667,1.8516666666666666,0,21.94333333333333,11.573333333333332,4.233333333333333,15.0,8.3325,16.665,16.203333333333333,0,0.0,10.0,38.75,23.61,0,0,0,0,7.145,22.5,16.666666666666668,13.75,0,0,25.0
