EVD,bin_1,bin_2,bin_3,bin_4,bin_5,bin_6,bin_7,bin_8,bin_9,bin_10,bin_11,bin_12,bin_13,bin_14,bin_15,bin_16,bin_17,bin_18,bin_19,bin_20,bin_21,bin_22,bin_23,bin_24,bin_25,bin_26,bin_27,bin_28,bin_29,bin_30,bin_31,bin_32,bin_33,bin_34,bin_35,bin_36,bin_37,bin_38,bin_39,bin_40,bin_41,bin_42,bin_43,bin_44,bin_45,bin_46,bin_47,bin_48,bin_49,bin_50,bin_51,bin_52,bin_53,bin_54,bin_55,bin_56,bin_57,bin_58,bin_59,bin_60,bin_61,bin_62,bin_63,bin_64,bin_65,bin_66,bin_67,bin_68,bin_69,bin_70,bin_71,bin_72,bin_73,bin_74,bin_75,bin_76,bin_77,bin_78,bin_79,bin_80,bin_81,bin_82,bin_83,bin_84,bin_85,bin_86,bin_87,bin_88,bin_89,bin_90,bin_91,bin_92,bin_93,bin_94,bin_95,bin_96,bin_97,bin_98,bin_99,bin_100
AT5TE20395,0,26.69333333333333,4.233333333333333,0,4.763333333333333,0,0,65.18666666666667,43.05666666666667,0,48.60999999999999,42.593333333333334,66.66499999999999,45.14,0,0,23.598181818181818,58.870000000000005,74.0,70.06714285714285,69.31333333333333,0,60.291428571428575,64.9325,0,37.5,62.38125000000001,38.332,44.44333333333333,61.576666666666675,0,0,57.410000000000004,41.943333333333335,51.85,0,0,0,61.95666666666667,52.18666666666667,0,0,69.80000000000001,28.224,60.23333333333334,61.825714285714284,69.9325,64.7,30.967999999999996,52.446000000000005,0,33.150000000000006,65.28000000000002,62.5,45.833333333333336,44.723333333333336,0,40.156666666666666,63.699,63.623333333333335,49.885,60.36125,42.92666666666667,58.89000000000001,68.99545454545454,64.33166666666668,0,64.11222222222221,53.333333333333336,13.572,59.762,70.51666666666667,62.03666666666667,64.55333333333334,56.02,33.5075,57.73166666666666,55.71333333333333,55.833333333333336,56.02,58.53285714285715,37.538,0,56.42111111111112,0,0.0,61.145,60.458888888888886,25.0,0,0,0,47.5,56.54666666666666,55.553999999999995,37.5,34.443333333333335,0,0,76.19
