EVD,bin_1,bin_2,bin_3,bin_4,bin_5,bin_6,bin_7,bin_8,bin_9,bin_10,bin_11,bin_12,bin_13,bin_14,bin_15,bin_16,bin_17,bin_18,bin_19,bin_20,bin_21,bin_22,bin_23,bin_24,bin_25,bin_26,bin_27,bin_28,bin_29,bin_30,bin_31,bin_32,bin_33,bin_34,bin_35,bin_36,bin_37,bin_38,bin_39,bin_40,bin_41,bin_42,bin_43,bin_44,bin_45,bin_46,bin_47,bin_48,bin_49,bin_50,bin_51,bin_52,bin_53,bin_54,bin_55,bin_56,bin_57,bin_58,bin_59,bin_60,bin_61,bin_62,bin_63,bin_64,bin_65,bin_66,bin_67,bin_68,bin_69,bin_70,bin_71,bin_72,bin_73,bin_74,bin_75,bin_76,bin_77,bin_78,bin_79,bin_80,bin_81,bin_82,bin_83,bin_84,bin_85,bin_86,bin_87,bin_88,bin_89,bin_90,bin_91,bin_92,bin_93,bin_94,bin_95,bin_96,bin_97,bin_98,bin_99,bin_100
AT5TE20395,0,73.005,54.69285714285714,0,71.90249999999999,0,0,90.86,66.765,0,15.0325,76.18285714285715,97.2225,93.86857142857143,0,0,74.26388888888889,82.94142857142856,85.555,80.21000000000001,92.8125,0,79.675,85.81,0,97.06,92.22166666666665,92.91,90.30333333333333,96.29666666666667,0,0,94.1175,90.81,98.4375,0,0,0,91.875,83.79666666666667,0,0,95.8325,75.6625,94.28571428571429,97.56916666666666,86.46999999999998,97.22166666666665,93.34142857142857,92.52875,0,90.53571428571429,100.0,95.8325,94.44399999999999,21.92,0,52.223333333333336,92.36083333333333,85.55333333333333,46.296666666666674,91.237,69.73666666666666,96.29666666666667,95.70272727272727,97.61833333333334,0,85.98777777777778,89.16666666666667,48.333333333333336,97.22166666666668,95.01333333333332,96.29666666666667,100.0,82.14333333333333,98.88888888888889,93.45166666666667,95.83333333333333,93.84833333333334,93.26666666666667,94.38272727272728,92.5,0,94.25888888888888,0,74.155,83.08166666666666,89.71200000000002,95.83333333333333,0,0,0,85.18666666666667,100.0,89.375,95.455,17.406666666666666,0,0,85.55666666666667
