EVD,bin_1,bin_2,bin_3,bin_4,bin_5,bin_6,bin_7,bin_8,bin_9,bin_10,bin_11,bin_12,bin_13,bin_14,bin_15,bin_16,bin_17,bin_18,bin_19,bin_20,bin_21,bin_22,bin_23,bin_24,bin_25,bin_26,bin_27,bin_28,bin_29,bin_30,bin_31,bin_32,bin_33,bin_34,bin_35,bin_36,bin_37,bin_38,bin_39,bin_40,bin_41,bin_42,bin_43,bin_44,bin_45,bin_46,bin_47,bin_48,bin_49,bin_50,bin_51,bin_52,bin_53,bin_54,bin_55,bin_56,bin_57,bin_58,bin_59,bin_60,bin_61,bin_62,bin_63,bin_64,bin_65,bin_66,bin_67,bin_68,bin_69,bin_70,bin_71,bin_72,bin_73,bin_74,bin_75,bin_76,bin_77,bin_78,bin_79,bin_80
AT5TE20395,0.0,0.0,0.0,0.0,0.0,0.0,0.0,0.0,0.0,0.0,0.8333333333333334,0.0,0.5555555555555556,0.0,3.3333333333333335,0.0,0.0,0.0,0.0,0.0,0.0,0.0,0.0,0.0,1.8516666666666666,2.03125,0.8546153846153846,0.0,1.0,0.0,0.0,1.9230769230769231,0.0,0.0,0.0,0.0,0.9805882352941178,3.6363636363636362,1.6666666666666667,0.0,0.893125,0.0,11.565714285714284,0.0,0.0,5.0,4.761428571428572,1.5877777777777777,10.80375,11.991818181818182,6.41,1.9605882352941175,3.8093333333333335,0.0,0.0,0.0,0.0,0.0,0.0,0.0,0.0,0.0,1.0992307692307692,0.0,0.9526666666666667,0.0,0.0,0.0,0.0,0.0,1.78625,0.0,0.0,0.0,0.0,0.0,2.5,0.0,0.0,0.0
AT5TE20395,0.0,0.0,0.0,0.0,0.0,0.6804761904761905,0.0,0.5209375,0.0,0.0,0.35714285714285715,0.0,0.6392105263157895,0.0,0.5555555555555556,0.6804761904761905,0.0,0.0,0.0,0.0,0.0,0.0,0.0,0.0,0.9258333333333333,1.4621875,0.38310344827586207,0.0,0.4166666666666667,0.0,0.0,1.8117391304347827,0.0,0.0,0.0,0.0,0.4902941176470589,1.8181818181818181,2.5,1.27,0.6804761904761905,0.0,10.847777777777777,0.0,0.0,10.56625,8.333333333333334,4.906363636363636,12.77,15.969999999999999,11.309285714285712,3.472,3.57125,0.0,0.0,0.0,0.6944444444444444,0.0,0.0,0.0,0.0,0.0,0.7938888888888889,0.0,0.9526666666666667,0.0,0.0,0.0,0.0,0.0,1.78625,0.0,0.0,0.0,0.0,0.0,2.5,0.0,0.0,0.0
