EVD,bin_1,bin_2,bin_3,bin_4,bin_5,bin_6,bin_7,bin_8,bin_9,bin_10,bin_11,bin_12,bin_13,bin_14,bin_15,bin_16,bin_17,bin_18,bin_19,bin_20,bin_21,bin_22,bin_23,bin_24,bin_25,bin_26,bin_27,bin_28,bin_29,bin_30,bin_31,bin_32,bin_33,bin_34,bin_35,bin_36,bin_37,bin_38,bin_39,bin_40,bin_41,bin_42,bin_43,bin_44,bin_45,bin_46,bin_47,bin_48,bin_49,bin_50,bin_51,bin_52,bin_53,bin_54,bin_55,bin_56,bin_57,bin_58,bin_59,bin_60,bin_61,bin_62,bin_63,bin_64,bin_65,bin_66,bin_67,bin_68,bin_69,bin_70,bin_71,bin_72,bin_73,bin_74,bin_75,bin_76,bin_77,bin_78,bin_79,bin_80
AT5TE20395,0.0,0.0,0.0,0.0,0.0,0.0,0.0,1.704375,0.7572727272727273,0.0,0.568125,0.0,0.8335000000000001,0.78125,0.0,0.0,0.6492857142857142,0.0,0.476,0.0,0.0,0.8263636363636363,0.0,0.5130769230769231,1.2816666666666667,0.0,0.0,0.0,0.0,0.6533333333333333,1.04125,0.8333333333333334,0.0,0.0,0.0,0.0,0.4807692307692308,3.7988888888888885,0.0,0.9957142857142858,10.303076923076922,24.407142857142862,27.04,1.2985714285714285,3.7269999999999994,7.6274999999999995,20.81125,18.17,9.125555555555556,4.761428571428572,14.968888888888891,2.876,10.42909090909091,1.25,0.0,0.0,0.0,0.9615384615384616,0.0,0.5347058823529411,0.0,0.0,2.0,1.0,0.0,0.0,0.0,0.0,0.0,0.0,0.0,0.0,0.0,1.6670000000000003,0.5208333333333334,0.0,0.0,0.0,0.0,0.0
AT5TE20395,0.0,0.0,0.0,0.7144999999999999,0.47633333333333333,0.0,0.0,0.8521875,0.37863636363636366,0.0,1.4300000000000002,1.8528125,0.9167500000000001,1.87875,0.0,0.0,0.3246428571428571,0.0,0.7936666666666667,0.5953571428571429,0.0,0.41318181818181815,0.0,0.25653846153846155,0.6408333333333334,0.0,0.0,0.0,0.0,0.27999999999999997,0.4165,1.8839130434782607,0.0,0.0,0.0,0.0,0.20833333333333334,2.424,0.0,0.48068965517241385,8.381333333333334,28.518666666666665,28.141666666666666,6.466111111111111,5.3635,11.127777777777778,20.834210526315786,16.713529411764707,17.126923076923074,18.51842105263158,12.732727272727272,3.1225925925925924,12.328846153846154,1.1727777777777777,0.0,0.0,0.4830434782608695,0.8432142857142857,0.0,0.9617647058823531,2.0530434782608693,0.0,0.5555555555555556,0.9178260869565217,0.0,0.0,1.29,0.0,0.46291666666666664,0.0,0.0,0.0,0.0,0.6411538461538462,0.20833333333333334,0.0,1.823125,0.0,0.0,0.0
