EVD,bin_1,bin_2,bin_3,bin_4,bin_5,bin_6,bin_7,bin_8,bin_9,bin_10,bin_11,bin_12,bin_13,bin_14,bin_15,bin_16,bin_17,bin_18,bin_19,bin_20,bin_21,bin_22,bin_23,bin_24,bin_25,bin_26,bin_27,bin_28,bin_29,bin_30,bin_31,bin_32,bin_33,bin_34,bin_35,bin_36,bin_37,bin_38,bin_39,bin_40,bin_41,bin_42,bin_43,bin_44,bin_45,bin_46,bin_47,bin_48,bin_49,bin_50,bin_51,bin_52,bin_53,bin_54,bin_55,bin_56,bin_57,bin_58,bin_59,bin_60,bin_61,bin_62,bin_63,bin_64,bin_65,bin_66,bin_67,bin_68,bin_69,bin_70,bin_71,bin_72,bin_73,bin_74,bin_75,bin_76,bin_77,bin_78,bin_79,bin_80
AT5TE20395,0.0,0,0.0,0.0,0.0,0,0,0,0.0,0,0,0,0,0.0,0.0,0,0.0,0.0,0.0,0,2.2725,0.0,1.13625,0.0,0.7575,0.0,0.0,0.0,0.0,0,0,0.0,2.2725,0.0,0,0.0,0.0,0.0,1.25,0.0,0,96.286,89.812,47.62,0,0,90.0,100.0,0,78.8475,8.39,0,0,0,5.0,0,0.0,0,0.0,0,0.0,0.0,0,0,3.335,0.0,0.0,0.0,0,0.0,0,0,0.0,0,0.0,0.0,5.0,0,0,0.0
AT5TE20395,0.0,0,0.0,0.0,0.0,0,0,0,0.0,0,0,0,0,1.78625,0.0,0,0.0,3.3333333333333335,0.0,0,1.13625,0.0,0.568125,0.0,0.37875,1.041875,0.0,0.0,0.0,0,0,0.0,1.13625,5.5566666666666675,0,0.0,0.0,0.0,0.625,0.0,0,93.42052631578947,87.54272727272728,55.9525,0,0,53.07727272727273,33.333333333333336,0,31.538999999999998,4.195,0,0,0,2.5,0,0.0,0,0.0,0,0.0,0.0,0,0,1.6675,0.0,0.0,0.9528571428571428,0,0.0,0,0,0.0,0,0.0,0.0,4.0,0,0,0.0
