EVD,bin_1,bin_2,bin_3,bin_4,bin_5,bin_6,bin_7,bin_8,bin_9,bin_10,bin_11,bin_12,bin_13,bin_14,bin_15,bin_16,bin_17,bin_18,bin_19,bin_20,bin_21,bin_22,bin_23,bin_24,bin_25,bin_26,bin_27,bin_28,bin_29,bin_30,bin_31,bin_32,bin_33,bin_34,bin_35,bin_36,bin_37,bin_38,bin_39,bin_40,bin_41,bin_42,bin_43,bin_44,bin_45,bin_46,bin_47,bin_48,bin_49,bin_50,bin_51,bin_52,bin_53,bin_54,bin_55,bin_56,bin_57,bin_58,bin_59,bin_60,bin_61,bin_62,bin_63,bin_64,bin_65,bin_66,bin_67,bin_68,bin_69,bin_70,bin_71,bin_72,bin_73,bin_74,bin_75,bin_76,bin_77,bin_78,bin_79,bin_80
AT5TE20395,0.0,0.0,0.0,0.0,0.0,0.29615384615384616,0.0,0.0,0.36363636363636365,0.0,0.0,0.0,0.682,0.0,0.0,0.0,0.0,0.3475,0.0,1.752142857142857,0.0,0.9136363636363637,0.0,0.0,0.6416666666666667,0.25,0.3475,0.8799999999999999,0.0,0.0,0.0,0.5208333333333334,0.0,0.0,0.0,0.0,0.0,1.4354545454545453,0.0,0.26666666666666666,4.1782352941176475,20.175714285714285,18.753333333333334,0.8550000000000001,2.820909090909091,5.428,23.40875,12.27222222222222,8.521764705882353,14.754,14.098461538461537,0.7352941176470589,7.099333333333333,0.0,0.9090909090909091,0.35714285714285715,1.116923076923077,0.3506666666666666,0.0,0.5770588235294117,0.0,0.0,0.4046153846153846,1.0192307692307692,0.0,0.4523076923076923,0.0,0.0,0.0,0.0,0.83375,1.02,0.0,0.0,0.0,0.3675,0.833,0.0,0.42,0.0
AT5TE20395,0.0,0.0,0.0,0.0,0.0,0.14807692307692308,0.0,0.0,0.18181818181818182,0.0,0.0,0.5748275862068966,0.75775,0.0,0.0,0.0,0.0,0.17375,0.0,1.4714285714285715,0.694375,0.45681818181818185,0.0,0.0,0.32083333333333336,0.12903225806451613,0.17375,0.43999999999999995,0.0,0.0,0.0,0.2717391304347826,0.0,0.0,0.6495454545454545,0.0,0.4202941176470588,3.369090909090909,0.5954166666666666,0.5036666666666666,10.548064516129031,31.119999999999997,13.952727272727271,0.5029411764705882,6.723888888888889,10.048,16.947857142857142,11.278125,9.643666666666666,18.154500000000002,10.928181818181818,0.44642857142857145,7.637586206896552,3.5,0.45454545454545453,0.17857142857142858,0.5584615384615385,0.1753333333333333,0.0,0.28852941176470587,0.0,0.0,0.2023076923076923,0.5096153846153846,0.3703333333333333,0.7069230769230769,0.5496153846153846,0.0,0.0,0.0,0.416875,0.51,0.0,0.7938095238095239,0.0,0.18375,0.43842105263157893,0.0,0.21,0.0
