EVD,bin_1,bin_2,bin_3,bin_4,bin_5,bin_6,bin_7,bin_8,bin_9,bin_10,bin_11,bin_12,bin_13,bin_14,bin_15,bin_16,bin_17,bin_18,bin_19,bin_20,bin_21,bin_22,bin_23,bin_24,bin_25,bin_26,bin_27,bin_28,bin_29,bin_30,bin_31,bin_32,bin_33,bin_34,bin_35,bin_36,bin_37,bin_38,bin_39,bin_40,bin_41,bin_42,bin_43,bin_44,bin_45,bin_46,bin_47,bin_48,bin_49,bin_50,bin_51,bin_52,bin_53,bin_54,bin_55,bin_56,bin_57,bin_58,bin_59,bin_60,bin_61,bin_62,bin_63,bin_64,bin_65,bin_66,bin_67,bin_68,bin_69,bin_70,bin_71,bin_72,bin_73,bin_74,bin_75,bin_76,bin_77,bin_78,bin_79,bin_80
AT5TE20395,0.0,0.0,0.0,0.0,0.0,0.8546153846153846,0.0,0.0,0.0,0.0,0.0,0.0,1.111,1.041875,0.0,0.0,0.0,0.0,0.8333333333333334,0.0,2.08375,0.9090909090909091,2.8579999999999997,0.0,2.3816666666666664,0.78125,0.0,0.0,0.0,0.8333333333333334,0.0,1.5625,0.0,0.0,0.0,1.01,0.0,0.9090909090909091,0.0,2.4073333333333333,1.0247058823529411,19.444444444444443,18.195000000000004,0.0,0.0,0.0,9.375,5.8244444444444445,8.251764705882351,17.26,9.34923076923077,1.8047058823529412,10.888000000000002,0.0,0.0,0.0,0.9615384615384616,0.7406666666666666,0.0,1.3235294117647058,0.7692307692307693,0.0,0.0,0.0,0.0,0.0,0.0,1.25,0.0,0.0,0.0,0.0,0.0,0.0,0.0,0.0,0.0,0.0,0.0,0.0
AT5TE20395,0.0,0.0,0.0,0.0,0.0,0.4273076923076923,0.6578947368421053,0.625,0.0,0.0,0.5209375,0.0,0.5555,0.5377419354838711,0.0,0.0,0.0,0.0,0.4166666666666667,0.0,1.041875,0.45454545454545453,1.4289999999999998,0.0,1.299090909090909,0.4032258064516129,0.0,0.0,0.0,0.4166666666666667,0.0,0.8928571428571429,0.0,0.0,0.0,0.5847368421052631,0.8928571428571429,0.5882352941176471,0.0,1.2451724137931035,1.6233333333333335,19.444444444444443,18.917,1.3333333333333333,0.0,2.2222222222222223,10.714285714285714,7.912222222222223,10.890588235294118,20.7725,13.397499999999999,3.353939393939394,17.465999999999998,0.0,0.0,0.0,2.5319230769230767,0.3703333333333333,0.0,0.6617647058823529,1.1538461538461537,0.0,0.0,0.0,0.0,0.0,0.0,0.6578947368421053,0.625,0.0,0.0,0.0,0.0,0.0,0.0,0.0,0.0,0.0,0.0,0.0
