EVD,bin_1,bin_2,bin_3,bin_4,bin_5,bin_6,bin_7,bin_8,bin_9,bin_10,bin_11,bin_12,bin_13,bin_14,bin_15,bin_16,bin_17,bin_18,bin_19,bin_20,bin_21,bin_22,bin_23,bin_24,bin_25,bin_26,bin_27,bin_28,bin_29,bin_30,bin_31,bin_32,bin_33,bin_34,bin_35,bin_36,bin_37,bin_38,bin_39,bin_40,bin_41,bin_42,bin_43,bin_44,bin_45,bin_46,bin_47,bin_48,bin_49,bin_50,bin_51,bin_52,bin_53,bin_54,bin_55,bin_56,bin_57,bin_58,bin_59,bin_60,bin_61,bin_62,bin_63,bin_64,bin_65,bin_66,bin_67,bin_68,bin_69,bin_70,bin_71,bin_72,bin_73,bin_74,bin_75,bin_76,bin_77,bin_78,bin_79,bin_80
AT5TE20395,2.2222222222222223,0.0,0.0,0.0,0.0,0.9615384615384616,0.0,0.0,0.0,0.0,0.0,0.0,0.8335000000000001,0.0,0.0,0.0,0.0,0.0,3.2142857142857144,0.0,0.0,0.0,4.0,0.0,0.0,0.0,1.25,0.0,0.0,0.0,0.0,0.0,0.0,2.3814285714285717,0.0,1.5154545454545456,0.0,1.5154545454545456,1.1908333333333332,0.0,3.333529411764706,25.0,14.28714285714286,0.0,5.001,5.0,14.5,7.5,7.2547058823529404,10.833,7.472307692307693,0.0,0.9526666666666667,0.0,0.0,1.1907142857142858,0.9615384615384616,0.0,0.0,0.0,0.0,1.7857142857142858,0.9615384615384616,2.243846153846154,0.0,0.0,0.0,0.0,0.0,1.5154545454545456,0.0,0.0,0.0,0.0,0.0,0.0,0.0,0.0,0.0,0.0
AT5TE20395,2.2222222222222223,0.0,0.0,0.0,0.0,0.9615384615384616,0.0,0.0,0.0,0.0,0.0,0.0,0.8335000000000001,0.0,0.0,0.0,0.0,0.0,3.2142857142857144,0.0,0.0,0.0,4.0,0.0,0.0,0.0,1.25,0.0,0.0,0.0,0.0,0.0,0.0,1.8522222222222224,0.0,1.1907142857142858,0.0,1.1113333333333335,0.893125,0.0,2.8335,25.0,11.112222222222222,0.0,4.546363636363637,4.166666666666667,11.153846153846153,5.769230769230769,4.567777777777778,13.461538461538462,5.714117647058823,0.0,2.2676190476190476,0.0,0.0,0.9805882352941178,0.7352941176470589,0.0,0.0,0.0,0.0,1.3888888888888888,0.5952380952380952,1.6205555555555557,0.0,0.0,0.0,0.0,0.0,0.8773684210526317,0.0,0.0,0.0,0.0,0.0,0.0,0.0,0.0,0.0,0.0
