EVD,bin_1,bin_2,bin_3,bin_4,bin_5,bin_6,bin_7,bin_8,bin_9,bin_10,bin_11,bin_12,bin_13,bin_14,bin_15,bin_16,bin_17,bin_18,bin_19,bin_20,bin_21,bin_22,bin_23,bin_24,bin_25,bin_26,bin_27,bin_28,bin_29,bin_30,bin_31,bin_32,bin_33,bin_34,bin_35,bin_36,bin_37,bin_38,bin_39,bin_40,bin_41,bin_42,bin_43,bin_44,bin_45,bin_46,bin_47,bin_48,bin_49,bin_50,bin_51,bin_52,bin_53,bin_54,bin_55,bin_56,bin_57,bin_58,bin_59,bin_60,bin_61,bin_62,bin_63,bin_64,bin_65,bin_66,bin_67,bin_68,bin_69,bin_70,bin_71,bin_72,bin_73,bin_74,bin_75,bin_76,bin_77,bin_78,bin_79,bin_80
AT5TE20395,0,0,0.0,0.0,0,0,0,0.0,0.0,0,0,0.0,0.0,0,0.0,0,0,0.0,0.0,0.0,0.0,3.03,0.0,0.0,0.0,0,0.0,0.0,0.0,0,0.0,0.0,0.0,0.0,0,3.3333333333333335,0.0,0,0.0,0.0,100.0,60.45999999999999,37.5,18.88,0,47.35666666666666,14.29,0,0,50.0,0,0.0,7.880000000000001,0.0,0.0,4.545,0.0,0.0,0.0,0,0,0.0,0.0,0.0,0,0.0,0.0,0.0,0,0,0.0,0.0,0.0,0.0,0.0,0,0.0,0,0,0.0
AT5TE20395,0,0,0.0,0.0,0,0,0,3.5725,0.0,0,0,0.0,0.0,0,0.0,0,0,0.0,0.0,0.0,0.0,1.515,0.0,0.0,0.0,0,0.0,0.0,0.0,0,0.0,0.0,0.0,0.0,0,2.0,0.0,0,0.0,0.0,75.0,55.031666666666666,24.15625,10.721666666666666,0,45.94285714285714,7.145,0,0,32.144999999999996,0,0.0,11.9525,0.0,0.0,6.44,8.335,0.0,0.0,0,0,0.0,0.0,0.0,0,0.0,0.0,0.0,0,0,0.0,0.0,0.0,6.666666666666667,0.0,0,0.0,0,0,0.0
