EVD,bin_1,bin_2,bin_3,bin_4,bin_5,bin_6,bin_7,bin_8,bin_9,bin_10,bin_11,bin_12,bin_13,bin_14,bin_15,bin_16,bin_17,bin_18,bin_19,bin_20,bin_21,bin_22,bin_23,bin_24,bin_25,bin_26,bin_27,bin_28,bin_29,bin_30,bin_31,bin_32,bin_33,bin_34,bin_35,bin_36,bin_37,bin_38,bin_39,bin_40,bin_41,bin_42,bin_43,bin_44,bin_45,bin_46,bin_47,bin_48,bin_49,bin_50,bin_51,bin_52,bin_53,bin_54,bin_55,bin_56,bin_57,bin_58,bin_59,bin_60,bin_61,bin_62,bin_63,bin_64,bin_65,bin_66,bin_67,bin_68,bin_69,bin_70,bin_71,bin_72,bin_73,bin_74,bin_75,bin_76,bin_77,bin_78,bin_79,bin_80
AT5TE20395,0.0,0.0,0.0,0.0,0.0,0.0,0.0,0.0,0.0,0.9526666666666667,0.0,0.78125,1.4285,0.78125,0.0,0.0,0.0,0.0,0.7406666666666666,0.0,0.0,1.8936363636363636,0.0,0.0,0.0,0.9886666666666667,0.520625,0.8333333333333334,0.0,0.0,0.0,0.0,0.0,0.0,1.6527272727272726,0.0,0.0,2.597272727272727,0.0,0.8333333333333334,2.513888888888889,14.015454545454547,14.371428571428575,2.651818181818182,6.151666666666666,9.524,14.285714285714286,11.428999999999998,8.404117647058824,31.061666666666667,12.450833333333334,0.0,15.7,4.167,1.299090909090909,0.0,0.0,0.0,0.0,0.0,0.0,2.0414285714285714,0.0,0.0,0.0,0.0,0.0,0.0,0.0,0.0,0.0,0.0,0.0,0.0,0.0,0.0,1.3888888888888888,0.0,0.0,0.0
AT5TE20395,0.0,0.0,0.0,0.5,0.3703333333333333,0.0,0.21921052631578947,0.0,0.0,0.47633333333333333,0.0,0.6746875,1.20025,0.7378125,0.0,0.0,0.0,0.0,0.6733333333333333,0.2975,0.0,0.9468181818181818,0.0,0.38461538461538464,0.0,1.0158064516129033,0.72375,0.7954166666666667,0.0,0.0,0.0,0.7969565217391303,0.44625,0.51,0.8263636363636363,0.30318181818181816,0.21,1.2986363636363636,0.0,0.639,2.6458333333333335,11.841818181818182,15.400000000000002,1.9786363636363637,4.1408695652173915,4.762,14.864117647058823,12.785,9.180882352941175,27.03173913043478,12.591599999999998,0.0,9.258000000000001,2.0835,0.6495454545454545,0.0,0.0,0.2776666666666667,0.32666666666666666,0.2261764705882353,0.0,1.0207142857142857,0.0,0.3496153846153846,0.22233333333333333,0.5523076923076923,0.2644444444444444,0.0,0.0,0.0,0.0,0.0,0.0,0.0,0.0,0.2603125,1.0963157894736841,0.0,0.0,0.0
