TEI,bin_1,bin_2,bin_3,bin_4,bin_5,bin_6,bin_7,bin_8,bin_9,bin_10,bin_11,bin_12,bin_13,bin_14,bin_15,bin_16,bin_17,bin_18,bin_19,bin_20,bin_21,bin_22,bin_23,bin_24,bin_25,bin_26,bin_27,bin_28,bin_29,bin_30,bin_31,bin_32,bin_33,bin_34,bin_35,bin_36,bin_37,bin_38,bin_39,bin_40,bin_41,bin_42,bin_43,bin_44,bin_45,bin_46,bin_47,bin_48,bin_49,bin_50,bin_51,bin_52,bin_53,bin_54,bin_55,bin_56,bin_57,bin_58,bin_59,bin_60,bin_61,bin_62,bin_63,bin_64,bin_65,bin_66,bin_67,bin_68,bin_69,bin_70,bin_71,bin_72,bin_73,bin_74,bin_75,bin_76,bin_77,bin_78,bin_79,bin_80,bin_81,bin_82,bin_83,bin_84,bin_85,bin_86,bin_87,bin_88,bin_89,bin_90,bin_91,bin_92,bin_93,bin_94,bin_95,bin_96,bin_97,bin_98,bin_99,bin_100
NC_003075.7:3507956..3507966,8.333333333333334,14.286666666666667,12.621176470588235,39.75,49.70166666666666,22.142,4.081428571428572,12.84666666666667,9.178181818181818,35.29,14.56777777777778,16.0895,20.885,19.998181818181816,30.707272727272724,6.691818181818181,9.688235294117646,15.556428571428572,26.666666666666668,10.0,15.416666666666666,15.344999999999999,18.43642857142857,13.823529411764707,7.460476190476191,9.643333333333333,13.304166666666665,8.57181818181818,1.1764705882352942,16.672777777777778,10.785666666666666,5.333333333333333,10.218333333333332,3.392857142857143,3.035625,4.603333333333333,5.74578947368421,7.074761904761904,8.302142857142856,0.0,0.6817857142857143,3.674166666666667,3.6596296296296296,3.3523684210526317,3.08,1.5715384615384616,3.6237142857142857,2.1736363636363634,9.195000000000002,7.20625,7.250384615384615,6.563823529411765,11.51952380952381,2.3231818181818182,3.81,10.00357142857143,3.575666666666667,16.516521739130436,7.556,12.637,15.350000000000001,10.116153846153846,11.340909090909092,11.488636363636363,12.602105263157895,8.9876,5.933199999999999,4.425526315789474,5.92,16.247368421052634,6.857407407407407,6.389,12.235263157894737,9.65846153846154,10.225454545454546,14.735151515151514,12.06258064516129,10.3604,20.663157894736838,13.023636363636365,20.145238095238096,8.23857142857143,9.423030303030304,7.456969696969696,7.9688888888888885,14.127647058823529,12.496923076923078,7.876551724137929,6.43258064516129,9.987714285714285,9.04138888888889,12.016153846153847,26.954117647058826,30.954705882352943,13.875833333333333,8.55875,11.809583333333334,8.6352,8.770833333333334,22.32166666666667
