TEI,TEIcoord,sample,zygoticity,orientaion_TEI,orientation_gene,consistency,bin_1,bin_2,bin_3,bin_4,bin_5,bin_6,bin_7,bin_8,bin_9,bin_10,bin_11,bin_12,bin_13,bin_14,bin_15,bin_16,bin_17,bin_18,bin_19,bin_20,bin_21,bin_22,bin_23,bin_24,bin_25,bin_26,bin_27,bin_28,bin_29,bin_30,bin_31,bin_32,bin_33,bin_34,bin_35,bin_36,bin_37,bin_38,bin_39,bin_40,bin_41,bin_42,bin_43,bin_44,bin_45,bin_46,bin_47,bin_48,bin_49,bin_50,bin_51,bin_52,bin_53,bin_54,bin_55,bin_56,bin_57,bin_58,bin_59,bin_60,bin_61,bin_62,bin_63,bin_64,bin_65,bin_66,bin_67,bin_68,bin_69,bin_70,bin_71,bin_72,bin_73,bin_74,bin_75,bin_76,bin_77,bin_78,bin_79,bin_80,bin_81,bin_82,bin_83,bin_84,bin_85,bin_86,bin_87,bin_88,bin_89,bin_90,bin_91,bin_92,bin_93,bin_94,bin_95,bin_96,bin_97,bin_98,bin_99,bin_100
NC_003074.8:3951429..3951434,NC_003074.8:3951428..3951434,SQK-NBD114-96_barcode20,hetero,minus,minus,yes,0.0,0.0,0.0,50.0,0.0,0.0,0.0,50.0,0.0,0.0,0.0,0.0,28.57,28.57,0.0,30.508,0.0,75.0,12.5,48.73,0,60.47666666666667,15.48,50.0,0.0,5.556666666666668,0.0,28.335,65.0,70.83500000000001,0,0.0,0.0,0,0.0,40.3575,18.75,0,0,0,0,50.0,12.5,0.0,25.0,0.0,0.0,20.0,44.0,57.14,32.917500000000004,66.66499999999999,0.0,66.67,43.333333333333336,0.0,25.0,0.0,32.5,22.5,0.0,0.0,71.43,0.0,0.0,0.0,40.0,0.0,50.0,55.0,0.0,0.0,63.88666666666666,28.57,0.0,0.0,0,57.14,0.0,50.0,25.0,7.1425,31.43,0.0,0.0,100.0,71.25,0.0,42.223333333333336,65.8325,61.31,86.90333333333332,0.0,0.0,0.0,0.0,0.0,0,0.0,0.0
