TEI,TEIcoord,sample,zygoticity,orientaion_TEI,orientation_gene,consistency,bin_1,bin_2,bin_3,bin_4,bin_5,bin_6,bin_7,bin_8,bin_9,bin_10,bin_11,bin_12,bin_13,bin_14,bin_15,bin_16,bin_17,bin_18,bin_19,bin_20,bin_21,bin_22,bin_23,bin_24,bin_25,bin_26,bin_27,bin_28,bin_29,bin_30,bin_31,bin_32,bin_33,bin_34,bin_35,bin_36,bin_37,bin_38,bin_39,bin_40,bin_41,bin_42,bin_43,bin_44,bin_45,bin_46,bin_47,bin_48,bin_49,bin_50,bin_51,bin_52,bin_53,bin_54,bin_55,bin_56,bin_57,bin_58,bin_59,bin_60,bin_61,bin_62,bin_63,bin_64,bin_65,bin_66,bin_67,bin_68,bin_69,bin_70,bin_71,bin_72,bin_73,bin_74,bin_75,bin_76,bin_77,bin_78,bin_79,bin_80,bin_81,bin_82,bin_83,bin_84,bin_85,bin_86,bin_87,bin_88,bin_89,bin_90,bin_91,bin_92,bin_93,bin_94,bin_95,bin_96,bin_97,bin_98,bin_99,bin_100
NC_003070.9:4423658..4423662,NC_003070.9:4423657..4423662,SQK-NBD114-96_barcode21,hetero,plus,plus,yes,0.0,0,0.0,0.0,0.0,0.0,0.0,0.0,0.0,70.0,0.0,0.0,50.0,0.0,0.0,0.0,0.0,0.0,0.0,0.0,0.0,0.0,0,0.0,0.0,0.0,0.0,0.0,0,0.0,0,0.0,0.0,0.0,0.0,0,0.0,16.665,0,0.0,0.0,0.0,0.0,20.0,0.0,0.0,0.0,0.0,0.0,50.0,16.665,33.33,33.33,0.0,0.0,50.0,0.0,60.0,26.665,0.0,0.0,0.0,0.0,0.0,40.0,100.0,0.0,0.0,0.0,0.0,0.0,33.33,66.67,0.0,0.0,33.33,33.33,0.0,40.0,33.33,83.33500000000001,0.0,0.0,0.0,0.0,0.0,44.0,60.0,0.0,0.0,0.0,0.0,0,100.0,0.0,0.0,0.0,0.0,0.0,0.0
NC_003070.9:29578508..29578514,NC_003070.9:29578507..29578514,SQK-NBD114-96_barcode21,homo,minus,,,0.0,0,0.0,0.0,0.0,0.0,0.0,40.0,12.5,0.0,30.0,0.0,23.61,5.0,0.0,33.335,8.335,18.055,0.0,31.19,0.0,41.0,0,0.0,0.0,58.335,47.5,23.81,0,0.0,0,0.0,0.0,8.333333333333334,10.0,0,0.0,0.0,0,33.33,13.333333333333334,62.5,0.0,0.0,0.0,26.665,21.666666666666668,23.3325,19.44333333333333,0.0,0.0,0.0,0.0,4.1675,0.0,0.0,0.0,10.666,0.0,0.0,50.0,16.67,28.57,0.0,0.0,25.0,0.0,18.75,24.285,0.0,0.0,32.5,45.96,0.0,0.0,37.5,29.166666666666668,0.0,20.0,18.18,13.096666666666666,0.0,26.665,36.805,61.3625,63.495000000000005,61.43,51.1,85.715,81.495,95.835,0.0,0,0.0,66.67,100.0,0.0,62.5,0.0,50.0
