TEI,TEIcoord,sample,zygoticity,orientaion_TEI,orientation_gene,consistency,bin_1,bin_2,bin_3,bin_4,bin_5,bin_6,bin_7,bin_8,bin_9,bin_10,bin_11,bin_12,bin_13,bin_14,bin_15,bin_16,bin_17,bin_18,bin_19,bin_20,bin_21,bin_22,bin_23,bin_24,bin_25,bin_26,bin_27,bin_28,bin_29,bin_30,bin_31,bin_32,bin_33,bin_34,bin_35,bin_36,bin_37,bin_38,bin_39,bin_40,bin_41,bin_42,bin_43,bin_44,bin_45,bin_46,bin_47,bin_48,bin_49,bin_50,bin_51,bin_52,bin_53,bin_54,bin_55,bin_56,bin_57,bin_58,bin_59,bin_60,bin_61,bin_62,bin_63,bin_64,bin_65,bin_66,bin_67,bin_68,bin_69,bin_70,bin_71,bin_72,bin_73,bin_74,bin_75,bin_76,bin_77,bin_78,bin_79,bin_80,bin_81,bin_82,bin_83,bin_84,bin_85,bin_86,bin_87,bin_88,bin_89,bin_90,bin_91,bin_92,bin_93,bin_94,bin_95,bin_96,bin_97,bin_98,bin_99,bin_100
NC_003074.8:3951429..3951434,NC_003074.8:3951428..3951434,SQK-NBD114-96_barcode20,hetero,minus,minus,yes,0.0,0,0.0,0.0,0.0,0.0,0.0,0.0,0.0,0.0,0.0,0.0,100.0,83.428,80.15666666666665,86.6725,79.26,80.0,89.72166666666665,94.285,91.875,91.665,90.555,95.0,0.0,65.332,20.0,33.333333333333336,89.58375,91.66666666666669,93.33333333333331,73.75,0,0,48.89000000000001,81.23375,85.9375,0.0,60.0,0.0,0,93.33333333333331,68.21444444444445,81.90333333333332,83.75,0.0,92.5,100.0,100.0,100.0,88.666,95.74636363636364,0,66.66666666666667,88.75,100.0,87.77666666666666,0.0,94.28571428571428,73.33333333333333,0.0,0.0,84.99799999999999,40.0,77.78000000000002,0.0,64.16499999999999,94.44333333333331,94.44333333333331,93.57142857142856,88.89,73.75,0.0,86.66666666666667,62.5,28.33333333333333,100.0,80.0,90.0,0.0,87.77666666666666,16.986666666666668,88.12111111111112,0.0,86.25,87.11312500000001,73.33500000000001,0.0,84.238,76.94333333333333,81.25000000000001,0.0,0,0.0,0.0,0.0,0.0,0,0.0,0.0
