TEI,TEIcoord,sample,zygoticity,orientaion_TEI,orientation_gene,consistency,bin_1,bin_2,bin_3,bin_4,bin_5,bin_6,bin_7,bin_8,bin_9,bin_10,bin_11,bin_12,bin_13,bin_14,bin_15,bin_16,bin_17,bin_18,bin_19,bin_20,bin_21,bin_22,bin_23,bin_24,bin_25,bin_26,bin_27,bin_28,bin_29,bin_30,bin_31,bin_32,bin_33,bin_34,bin_35,bin_36,bin_37,bin_38,bin_39,bin_40,bin_41,bin_42,bin_43,bin_44,bin_45,bin_46,bin_47,bin_48,bin_49,bin_50,bin_51,bin_52,bin_53,bin_54,bin_55,bin_56,bin_57,bin_58,bin_59,bin_60,bin_61,bin_62,bin_63,bin_64,bin_65,bin_66,bin_67,bin_68,bin_69,bin_70,bin_71,bin_72,bin_73,bin_74,bin_75,bin_76,bin_77,bin_78,bin_79,bin_80,bin_81,bin_82,bin_83,bin_84,bin_85,bin_86,bin_87,bin_88,bin_89,bin_90,bin_91,bin_92,bin_93,bin_94,bin_95,bin_96,bin_97,bin_98,bin_99,bin_100
NC_003074.8:3951429..3951434,NC_003074.8:3951428..3951434,SQK-NBD114-96_barcode20,hetero,minus,minus,yes,0.0,0.0,19.6425,40.668000000000006,63.335294117647045,75.05083333333334,56.83210526315789,50.52933333333333,39.319285714285726,42.19473684210527,24.402631578947368,29.431904761904764,34.66193548387097,20.662380952380957,24.752173913043475,62.691538461538464,29.26259259259259,14.377142857142855,26.11133333333333,29.38631578947368,61.36363636363635,11.37842105263158,34.804117647058824,32.30769230769231,19.50361111111111,12.857142857142858,21.508666666666667,12.5,44.61538461538461,11.973571428571429,24.323125,9.606956521739132,11.674827586206897,18.5284,14.832083333333337,25.344444444444445,63.25444444444444,18.433846153846154,18.412857142857145,1.9047619047619049,17.3,9.821666666666667,11.754736842105263,10.786,24.254210526315788,17.77090909090909,50.40785714285715,7.375,25.91857142857143,12.517142857142858,17.26214285714286,35.0,23.18230769230769,36.190000000000005,31.735000000000003,27.659166666666668,17.53272727272727,19.313529411764705,18.48454545454545,40.539333333333325,17.14272727272727,23.681538461538462,34.86380952380952,17.739,13.666999999999998,21.462857142857143,14.545454545454543,18.75,29.51,27.822857142857146,25.36368421052632,27.832631578947364,28.7085,16.5,21.890625000000004,20.610434782608696,57.0,17.268421052631577,26.468333333333334,26.01521739130435,39.57428571428572,16.476,34.111333333333334,32.10526315789473,51.25,42.93666666666667,33.05583333333333,35.66045454545454,34.20583333333333,44.23347826086957,43.32375,31.70047619047619,38.90090909090909,68.09541666666668,80.51555555555555,61.315,61.66636363636364,58.70807692307692,51.74249999999999,17.483333333333334
