TEI,bin_1,bin_2,bin_3,bin_4,bin_5,bin_6,bin_7,bin_8,bin_9,bin_10,bin_11,bin_12,bin_13,bin_14,bin_15,bin_16,bin_17,bin_18,bin_19,bin_20,bin_21,bin_22,bin_23,bin_24,bin_25,bin_26,bin_27,bin_28,bin_29,bin_30,bin_31,bin_32,bin_33,bin_34,bin_35,bin_36,bin_37,bin_38,bin_39,bin_40,bin_41,bin_42,bin_43,bin_44,bin_45,bin_46,bin_47,bin_48,bin_49,bin_50,bin_51,bin_52,bin_53,bin_54,bin_55,bin_56,bin_57,bin_58,bin_59,bin_60,bin_61,bin_62,bin_63,bin_64,bin_65,bin_66,bin_67,bin_68,bin_69,bin_70,bin_71,bin_72,bin_73,bin_74,bin_75,bin_76,bin_77,bin_78,bin_79,bin_80,bin_81,bin_82,bin_83,bin_84,bin_85,bin_86,bin_87,bin_88,bin_89,bin_90,bin_91,bin_92,bin_93,bin_94,bin_95,bin_96,bin_97,bin_98,bin_99,bin_100
NC_003075.7:3507956..3507966,0,87.905,100.0,92.65833333333335,89.197,0,0,85.715,94.84375,88.65416666666665,89.91916666666667,95.63187500000001,93.76375,85.512,88.48352941176469,87.6525,90.29,92.78363636363636,89.52357142857143,94.3057142857143,93.21375,93.75,97.91666666666667,92.85714285714285,86.48666666666666,92.01416666666667,96.0,98.14833333333333,90.0,80.24000000000001,72.62,86.53666666666668,95.0,0,0,87.5,64.762,60.064,94.445,65.08,0,82.64,80.0,37.96166666666667,77.01666666666667,80.77,46.43,44.504999999999995,91.105,50.71333333333333,58.20000000000001,47.22,82.99,96.43,91.73,91.73500000000001,48.81,89.04,0,96.13615384615385,86.6675,75.75666666666667,91.66666666666667,87.5,73.73,73.63666666666667,71.0,10.0,53.288,84.30444444444444,0,12.5,0,100.0,0,0,0,0.0,74.47,71.6675,79.83714285714284,0,52.78,0,25.0,0,0,0,0,0.0,0,92.796,90.0,90.70538461538462,94.445,94.58333333333333,94.21333333333332,87.5,86.285,82.77799999999999
