TEI,bin_1,bin_2,bin_3,bin_4,bin_5,bin_6,bin_7,bin_8,bin_9,bin_10,bin_11,bin_12,bin_13,bin_14,bin_15,bin_16,bin_17,bin_18,bin_19,bin_20,bin_21,bin_22,bin_23,bin_24,bin_25,bin_26,bin_27,bin_28,bin_29,bin_30,bin_31,bin_32,bin_33,bin_34,bin_35,bin_36,bin_37,bin_38,bin_39,bin_40,bin_41,bin_42,bin_43,bin_44,bin_45,bin_46,bin_47,bin_48,bin_49,bin_50,bin_51,bin_52,bin_53,bin_54,bin_55,bin_56,bin_57,bin_58,bin_59,bin_60,bin_61,bin_62,bin_63,bin_64,bin_65,bin_66,bin_67,bin_68,bin_69,bin_70,bin_71,bin_72,bin_73,bin_74,bin_75,bin_76,bin_77,bin_78,bin_79,bin_80,bin_81,bin_82,bin_83,bin_84,bin_85,bin_86,bin_87,bin_88,bin_89,bin_90,bin_91,bin_92,bin_93,bin_94,bin_95,bin_96,bin_97,bin_98,bin_99,bin_100
NC_003075.7:3507956..3507966,0,42.6775,0,50.0,76.03666666666668,0,13.942499999999999,19.5825,67.035,57.28,53.636,38.139,51.99250000000001,64.28666666666668,59.76142857142857,53.787499999999994,45.73333333333333,61.18333333333333,53.75,44.682,33.594,59.126666666666665,8.335,0,56.19,20.14,50.555,55.0,0,0,57.082499999999996,0.0,13.096666666666666,7.1425,0,0,57.223333333333336,0.0,11.573333333333332,20.953333333333333,0,0.0,43.692,8.33,3.57,25.714,14.043333333333331,73.33333333333333,19.23,3.79,39.0275,33.071,0.0,45.832499999999996,0.0,16.082222222222224,20.475714285714282,21.112000000000002,7.2725,58.331666666666656,37.56333333333333,0,5.0,14.5825,55.331999999999994,24.3375,17.5,19.09,25.818,31.54,40.112500000000004,56.09,20.0,58.60600000000001,44.03285714285715,72.5,51.61166666666666,72.6525,47.223333333333336,9.696666666666667,64.143,31.604444444444443,0,40.0,31.5175,64.77142857142857,0,0,7.87,29.286666666666665,37.330000000000005,29.515,40.833333333333336,69.14200000000001,44.285,62.776666666666664,0,19.445,71.3157142857143,0
