TEI,TEIcoord,sample,zygoticity,orientaion_TEI,orientation_gene,consistency,bin_1,bin_2,bin_3,bin_4,bin_5,bin_6,bin_7,bin_8,bin_9,bin_10,bin_11,bin_12,bin_13,bin_14,bin_15,bin_16,bin_17,bin_18,bin_19,bin_20,bin_21,bin_22,bin_23,bin_24,bin_25,bin_26,bin_27,bin_28,bin_29,bin_30,bin_31,bin_32,bin_33,bin_34,bin_35,bin_36,bin_37,bin_38,bin_39,bin_40,bin_41,bin_42,bin_43,bin_44,bin_45,bin_46,bin_47,bin_48,bin_49,bin_50,bin_51,bin_52,bin_53,bin_54,bin_55,bin_56,bin_57,bin_58,bin_59,bin_60,bin_61,bin_62,bin_63,bin_64,bin_65,bin_66,bin_67,bin_68,bin_69,bin_70,bin_71,bin_72,bin_73,bin_74,bin_75,bin_76,bin_77,bin_78,bin_79,bin_80,bin_81,bin_82,bin_83,bin_84,bin_85,bin_86,bin_87,bin_88,bin_89,bin_90,bin_91,bin_92,bin_93,bin_94,bin_95,bin_96,bin_97,bin_98,bin_99,bin_100
NC_003070.9:4423658..4423662,NC_003070.9:4423657..4423662,SQK-NBD114-96_barcode21,hetero,plus,plus,yes,0.0,0.0,0.0,0.0,0.0,0.0,0.0,0.0,0.0,83.33,0.0,100.0,100.0,0.0,80.0,80.0,0.0,0.0,0.0,0.0,0.0,0.0,80.0,0.0,0.0,0.0,0.0,0.0,0.0,0.0,0.0,0.0,66.67,66.67,0.0,66.67,66.67,55.0,0.0,0.0,0.0,53.333333333333336,0.0,80.0,0.0,33.33,77.14428571428572,82.22333333333334,100.0,55.55666666666667,66.66666666666667,57.78,71.11333333333334,86.668,93.334,33.33,0.0,68.89,100.0,56.665,0.0,0.0,30.0,0.0,100.0,100.0,41.665,0.0,100.0,66.66499999999999,0.0,86.6675,70.83500000000001,100.0,0.0,90.0,0.0,0.0,90.0,86.66666666666667,0.0,80.0,90.0,0.0,71.11333333333334,41.665,33.33,74.1675,50.0,40.0,0.0,0.0,0.0,0.0,0.0,0.0,0.0,0,0.0,0.0
NC_003070.9:29578508..29578514,NC_003070.9:29578507..29578514,SQK-NBD114-96_barcode21,homo,minus,,,0.0,0.0,0.0,0.0,0.0,0.0,0.0,0.0,0.0,0.0,65.56625,40.8325,59.31222222222223,55.29785714285715,0.0,49.810833333333335,71.7375,46.805,72.96333333333332,77.7775,74.5,66.0,0.0,46.82428571428572,0.0,25.0,51.04166666666666,74.375,60.555,8.3325,16.19,40.0,28.33333333333333,52.17666666666667,54.63307692307693,42.86,0.0,42.86,0.0,47.0,58.75,72.05375000000001,47.5,30.0,75.83333333333333,69.56875,100.0,75.5,90.67333333333332,85.01499999999999,100.0,0.0,92.95454545454544,53.05666666666667,67.5,71.952,95.8325,47.56916666666666,0.0,0.0,25.0,48.52,54.62833333333333,35.415,0.0,66.935,47.68666666666667,57.872,74.51875000000001,80.0,51.43,63.885,66.07,46.59333333333333,35.0,45.51125,22.5,82.755,30.0,73.33500000000001,50.358,52.91428571428571,65.554,62.684285714285714,82.25874999999999,84.18199999999999,90.0,65.74875,69.60374999999999,83.76499999999999,74.675,0.0,0.0,0.0,0.0,0.0,0.0,0,0.0,0.0
