bin_1,bin_2,bin_3,bin_4,bin_5,bin_6,bin_7,bin_8,bin_9,bin_10,bin_11,bin_12,bin_13,bin_14,bin_15,bin_16,bin_17,bin_18,bin_19,bin_20,bin_21,bin_22,bin_23,bin_24,bin_25,bin_26,bin_27,bin_28,bin_29,bin_30,bin_31,bin_32,bin_33,bin_34,bin_35,bin_36,bin_37,bin_38,bin_39,bin_40,bin_41,bin_42,bin_43,bin_44,bin_45,bin_46,bin_47,bin_48,bin_49,bin_50,bin_51,bin_52,bin_53,bin_54,bin_55,bin_56,bin_57,bin_58,bin_59,bin_60,bin_61,bin_62,bin_63,bin_64,bin_65,bin_66,bin_67,bin_68,bin_69,bin_70,bin_71,bin_72,bin_73,bin_74,bin_75,bin_76,bin_77,bin_78,bin_79,bin_80,insertion
0.0,0.0,0.0,7.6274999999999995,0.0,0.0,0.0,0.0,0.0,0.0,0.0,0.0,0.0,0.0,0.0,0.0,40.7425,0.0,0.0,21.074,0.0,0.0,0.0,0.0,0.0,0.0,0.0,0.0,0.0,0.0,0.0,0.0,0.0,0.0,0.0,0.0,1.823125,0.0,0.625,2.0833333333333335,0.0,0.0,1.5625,0.0,0.0,0.0,0.0,0.0,0.0,0.0,0.0,0.0,0.0,0.0,0.0,6.69125,0.0,0.0,0.0,0.0,0.0,0.0,0.0,0.0,0.0,0.0,0.0,1.9225,0.0,1.5625,0.0,0.0,0.0,0.0,0.0,0.0,0,0.0,64.5825,30.577272727272728,NC_003070.9:24963602..24963608
0.0,0.0,0.0,0.0,0.0,0.0,0.0,1.38875,0.0,0.0,0.0,0.0,0.0,0.0,0.0,0.0,0.0,0.0,0.0,0.0,0.0,0.0,0.0,0.0,0.96125,0.0,0.0,0.0,0.0,2.0825,0.0,0.0,0.0,0.0,0.0,0.0,2.8274999999999997,1.4137499999999998,6.25,0.0,0.0,0.0,0.8263636363636363,0.0,0.0,0.78125,0.0,0.0,0.0,0.0,0.0,0.0,0.0,0.0,0.0,0.0,0.7575,0.0,0.0,0.0,0.0,0.0,0.0,0.0,1.9225,0.0,0.0,0.0,0.0,0.0,0.0,0.0,0.0,0.0,0.0,0.0,0,0.0,0.8925,0.0,NC_003074.8:3951429..3951434
93.13499999999999,96.73285714285714,92.99000000000001,95.8325,99.03875,100.0,0.0,92.62428571428572,0.0,94.1675,98.0775,72.63636363636364,94.5775,84.745,86.9675,83.27250000000001,70.18263157894737,93.39105263157894,90.28000000000002,94.08,85.61571428571428,86.1625,90.22749999999999,96.6675,82.83933333333333,96.37111111111113,82.44166666666666,92.08062500000001,92.22500000000001,95.90916666666665,93.99916666666668,97.2545,94.797,0.0,96.01833333333333,96.0075,94.10249999999999,80.376,96.34750000000001,91.00916666666666,81.3475,89.6125,90.2,89.80625,92.7075,77.82625,85.565,93.07285714285715,0.0,0.0,0.0,0.0,81.0075,0.0,87.2925,71.78375,86.41,0.0,87.685,40.245,79.6875,0.0,0.0,0.0,71.4925,100.0,0.0,97.2225,85.02250000000001,87.37916666666668,0.0,64.695,84.18,87.745,100.0,0.0,0,89.55875,79.395,0.0,NC_003075.7:3507956..3507966
