bin_1,bin_2,bin_3,bin_4,bin_5,bin_6,bin_7,bin_8,bin_9,bin_10,bin_11,bin_12,bin_13,bin_14,bin_15,bin_16,bin_17,bin_18,bin_19,bin_20,bin_21,bin_22,bin_23,bin_24,bin_25,bin_26,bin_27,bin_28,bin_29,bin_30,bin_31,bin_32,bin_33,bin_34,bin_35,bin_36,bin_37,bin_38,bin_39,bin_40,insertion
1.38875,0.0,0.0,0.0,0.0,0.0,0.0,0.0,0.0,0.0,0.0,0.0,0.0,0.0,1.4705882352941178,0.0,0.0,3.125,0.0,0.0,0.0,0.0,0.78125,1.041875,0.0,0.0,0.0,0.0,0.0,0.0,0.0,0.0,0.0,0.0,0.0,0.0,1.111,0.0,0.0,1.04125,NC_003070.9:24963602..24963608
0.0,0.0,0.0,0.0,0.0,0.0,0.0,0.0,0.0,0.0,0.0,0.0,0.0,0.0,0.0,0.0,0.0,0.0,0.0,0.0,0.0,0.0,0.0,0.0,2.4653846153846155,0.8263636363636363,0.78125,0.7406666666666666,1.9842857142857144,2.179333333333333,0.3757894736842105,0.0,0.0,0.0,0.0,0.0,0.0,0.0,0.0,0.0,NC_003074.8:3951429..3951434
41.665,35.222,29.82,27.975,38.97571428571429,44.644999999999996,48.095,40.068749999999994,36.681666666666665,45.721666666666664,26.91,67.96090909090908,46.580000000000005,49.93083333333333,49.7225,88.89,45.300769230769234,59.0275,40.129999999999995,22.735333333333326,0.0,68.3725,73.89714285714285,0.0,0.0,49.605,61.30875,60.0,0.0,0.0,0.0,0.0,11.11,0.0,65.78857142857143,68.05499999999999,59.67857142857144,37.7775,66.98,37.185,NC_003075.7:3507956..3507966
