insertion,TEIcoord,sample,zygoticity,orientaion_TEI,orientation_gene,consistency,bin_1,bin_2,bin_3,bin_4,bin_5,bin_6,bin_7,bin_8,bin_9,bin_10,bin_11,bin_12,bin_13,bin_14,bin_15,bin_16,bin_17,bin_18,bin_19,bin_20,bin_21,bin_22,bin_23,bin_24,bin_25,bin_26,bin_27,bin_28,bin_29,bin_30,bin_31,bin_32,bin_33,bin_34,bin_35,bin_36,bin_37,bin_38,bin_39,bin_40,bin_41,bin_42,bin_43,bin_44,bin_45,bin_46,bin_47,bin_48,bin_49,bin_50,bin_51,bin_52,bin_53,bin_54,bin_55,bin_56,bin_57,bin_58,bin_59,bin_60,bin_61,bin_62,bin_63,bin_64,bin_65,bin_66,bin_67,bin_68,bin_69,bin_70,bin_71,bin_72,bin_73,bin_74,bin_75,bin_76,bin_77,bin_78,bin_79,bin_80
NC_003074.8:3951429..3951434,NC_003074.8:3951428..3951434,SQK-NBD114-96_barcode20,hetero,minus,minus,yes,0.0,0.0,0.6942857142857142,0.5277499999999999,0.0,0.3471875,0.0,0.7653571428571428,0.4545,0.0,0.0,3.278,0.4272222222222222,0.37875,0.3845,0.8695652173913043,0.0,0.0,0.0,0.0,0.0,0.0,0.3787878787878788,0.0,0.0,0.0,0.44625,0.0,0.0,0.0,0.0,1.4421428571428572,0.0,0.7575,0.6846428571428572,0.8773684210526317,0.0,1.0414285714285714,14.241363636363635,4.888064516129032,1.2521739130434784,0.6809677419354838,0.0,0.480625,0.0,0.0,0.505,0.0,0.0,0.0,0.4446666666666666,0.0,1.015625,1.111,2.3341176470588234,1.4305555555555556,0.8094736842105263,0.0,0.0,0.4165,0.5,0.4165,1.0066666666666666,0.8079999999999999,1.00125,0.0,0.0,0.0,0.8390000000000001,0.0,0.505,0.0,0.0,0.0,0.0,0.8331818181818181,0.0,0.0,0.238,0.7036666666666667
