bin_1,bin_2,bin_3,bin_4,bin_5,bin_6,bin_7,bin_8,bin_9,bin_10,bin_11,bin_12,bin_13,bin_14,bin_15,bin_16,bin_17,bin_18,bin_19,bin_20,bin_21,bin_22,bin_23,bin_24,bin_25,bin_26,bin_27,bin_28,bin_29,bin_30,bin_31,bin_32,bin_33,bin_34,bin_35,bin_36,bin_37,bin_38,bin_39,bin_40,insertion
0.7342307692307692,0.0,0.4807692307692308,0.0,0.0,0.0,0.0,0.0,0.0,0.762,0.29236842105263156,0.0,0.0,0.0,0.0,0.0,0.0,1.3392857142857142,1.3891666666666669,2.8573684210526316,0.0,0.8995833333333333,0.0,0.0,0.0,0.0,0.39678571428571424,0.0,0.0,0.2313888888888889,0.0,0.8333333333333334,0.0,0.0,0.0,0.0,0.4202941176470588,0.0,0.0,0.0,NC_003070.9:24963602..24963608
0.0,0.0,0.3787878787878788,0.0,0.0,0.0,0.44625,0.0,0.0,0.0,0.0,1.4421428571428572,0.0,0.7575,0.6846428571428572,0.8773684210526317,0.0,1.0414285714285714,14.241363636363637,4.888064516129032,1.2521739130434784,0.6809677419354838,0.0,0.480625,0.0,0.0,0.505,0.0,0.0,0.0,0.44466666666666665,0.0,1.015625,1.111,2.3341176470588234,1.4305555555555556,0.8094736842105263,0.0,0.0,0.4165,NC_003074.8:3951429..3951434
20.072777777777777,15.012608695652174,14.446153846153846,11.797586206896552,17.759047619047617,38.22416666666666,24.47758620689655,18.380769230769232,30.880625,19.965263157894736,34.17545454545455,31.190714285714286,54.6825,4.194545454545455,28.284782608695654,10.429259259259261,42.17,22.414799999999996,19.89,28.789999999999996,18.040769230769232,10.896818181818183,21.37,17.7565625,26.92774193548387,11.342,11.82625,16.354375,20.332758620689653,15.532187500000001,9.027727272727272,14.3572,23.751363636363635,7.127142857142858,24.872758620689652,26.42833333333333,31.27157894736842,12.7425,19.275384615384617,11.043333333333333,NC_003075.7:3507956..3507966
