bin_1,bin_2,bin_3,bin_4,bin_5,bin_6,bin_7,bin_8,bin_9,bin_10,bin_11,bin_12,bin_13,bin_14,bin_15,bin_16,bin_17,bin_18,bin_19,bin_20,bin_21,bin_22,bin_23,bin_24,bin_25,bin_26,bin_27,bin_28,bin_29,bin_30,bin_31,bin_32,bin_33,bin_34,bin_35,bin_36,bin_37,bin_38,bin_39,bin_40,bin_41,bin_42,bin_43,bin_44,bin_45,bin_46,bin_47,bin_48,bin_49,bin_50,bin_51,bin_52,bin_53,bin_54,bin_55,bin_56,bin_57,bin_58,bin_59,bin_60,bin_61,bin_62,bin_63,bin_64,bin_65,bin_66,bin_67,bin_68,bin_69,bin_70,bin_71,bin_72,bin_73,bin_74,bin_75,bin_76,bin_77,bin_78,bin_79,bin_80,insertion
0.0,0.0,0.0,0.0,0.0,3.88875,0.0,0.0,0.0,1.111,0.0,0.0,0.0,0.0,0.0,0.0,0.0,0.0,0.0,0.0,0.0,0.0,0.0,0.0,0.0,0.0,3.125,0.0,0.0,0.0,0.0,0.0,2.5,0.0,0.520625,0.0,0.568125,0.0,0.0,0.0,0.0,0.0,1.6666666666666667,0.0,0.0,0.0,0.0,0.0,0.0,0.0,0.0,0.0,0.0,0.0,0.0,0.0,2.0825,0.8333333333333334,0.0,0.0,0.0,0.0,0.0,0.0,0.0,0.0,0.0,0.0,0.0,0.0,0.0,0.0,0.0,0.0,0.0,2.776666666666667,0.0,0.0,62.602,12.5,NC_003070.9:24963602..24963608
0.0,0.0,0.0,0.0,0.7142857142857143,0.0,0.6941666666666667,0.0,0.0,0.0,0.0,0.9090909090909091,0.0,0.0,0.0,0.0,1.1764705882352942,0.0,0.0,0.0,0.0,0.0,0.0,0.0,0.0,0.0,0.0,0.0,0.0,0.0,0.0,0.0,0.0,0.0,0.0,0.0,0.0,3.125,0.0,3.125,0.0,0.0,0.714,0.0,0.42,0.0,0.0,0.0,0.0,0.0,0.0,0.0,1.25,0.5748275862068966,0.41318181818181815,0.568125,0.0,0.0,0.96125,0.0,0.0,0.0,0.0,0.0,0.0,0.0,0.0,0.0,0.0,0.0,0.0,0.0,0.0,0.0,1.9225,0.0,0.0,0.0,0.0,0.0,NC_003074.8:3951429..3951434
97.31384615384614,95.68388888888889,89.131875,93.215,94.0475,93.215,97.2225,88.81285714285715,0.0,94.345,100.0,87.9325,83.99555555555555,93.75,83.09375,80.55499999999999,92.91000000000001,86.49608695652174,86.90416666666668,83.48285714285714,79.64785714285713,77.14250000000001,83.9275,0.0,94.40142857142857,95.20466666666668,88.30166666666666,90.10181818181819,88.99583333333334,93.6778947368421,90.33083333333333,97.65833333333335,95.30739130434782,96.875,87.24375,100.0,93.68733333333333,90.49666666666666,91.00894736842106,96.16181818181818,79.6875,93.33333333333333,60.572,84.375,95.8325,80.1575,82.64,92.70333333333333,0.0,0.0,0.0,0.0,89.68285714285715,0.0,83.82833333333333,86.27916666666665,92.85499999999999,0.0,82.8875,77.5,91.14625000000001,0.0,0.0,0.0,90.3125,0.0,0.0,92.2225,88.5425,84.46,0.0,88.75,83.4725,95.55571428571429,0.0,0.0,83.33500000000001,80.8025,83.33,0.0,NC_003075.7:3507956..3507966
