bin_1,bin_2,bin_3,bin_4,bin_5,bin_6,bin_7,bin_8,bin_9,bin_10,bin_11,bin_12,bin_13,bin_14,bin_15,bin_16,bin_17,bin_18,bin_19,bin_20,bin_21,bin_22,bin_23,bin_24,bin_25,bin_26,bin_27,bin_28,bin_29,bin_30,bin_31,bin_32,bin_33,bin_34,bin_35,bin_36,bin_37,bin_38,bin_39,bin_40,bin_41,bin_42,bin_43,bin_44,bin_45,bin_46,bin_47,bin_48,bin_49,bin_50,bin_51,bin_52,bin_53,bin_54,bin_55,bin_56,bin_57,bin_58,bin_59,bin_60,bin_61,bin_62,bin_63,bin_64,bin_65,bin_66,bin_67,bin_68,bin_69,bin_70,bin_71,bin_72,bin_73,bin_74,bin_75,bin_76,bin_77,bin_78,bin_79,bin_80,insertion
0.0,0.0,1.0416666666666667,0.0,2.2725,0.0,0.0,0.0,0.0,0.0,0.0,1.818,0.0,0.0,0.0,0.0,0.0,0.0,0.0,0.0,2.5,2.0833333333333335,0.0,0.0,0.0,0.0,0.0,0.0,0.0,0.0,0.0,0.0,0.0,0.0,0.0,0.0,0.0,0.0,0.0,0.0,0.0,1.0,0.0,0.0,0.0,0.0,0.0,0.0,0.0,0.0,0.0,0.0,0.0,0.0,0.0,10.0,0.7933333333333333,0.0,0.0,0.0,0.0,0.0,0.0,0.0,0.0,0.0,0.0,0.0,0.0,0.0,0.0,0.0,0.0,0.0,0.0,0.0,1.5154545454545456,1.13625,18.395555555555557,0.0,NC_003070.9:24963602..24963608
0.0,0.0,0.0,0.0,0.0,1.7857142857142858,0.0,0.0,0.0,1.9230769230769231,0.0,0.0,1.4285714285714286,0.0,0.9090909090909091,2.3816666666666664,0.0,0.0,0.6941666666666667,0.0,0.0,0.0,0.0,2.7775,0.0,0.0,0.0,0.0,0.0,0.0,0.0,0.0,1.38875,0.0,0.0,0.0,0.0,0.0,0.0,0.0,4.08625,0.0,0.0,0.0,1.0,1.01,1.8516666666666666,1.5384615384615385,0.0,1.5625,0.9805882352941178,0.0,0.0,0.0,0.0,0.769,0.0,0.0,0.0,0.0,0.0,0.0,0.0,3.125,0.0,0.0,0.0,0.0,0.0,0.0,0.0,0.0,0.0,0.0,0.0,0.0,0.0,0.0,0.0,0.0,NC_003074.8:3951429..3951434
59.01692307692308,31.25,48.332,13.57,35.71,0.0,16.6675,0.0,89.13499999999999,29.365,19.6425,0.0,33.19222222222223,48.99454545454546,51.71600000000001,8.335,75.0,55.94428571428572,51.667500000000004,7.69,45.45,45.835,17.78,13.886666666666665,48.09375,50.0,43.296666666666674,38.69,38.135,86.66666666666667,25.756666666666668,49.20714285714286,46.620000000000005,31.50857142857143,58.89000000000001,90.0,39.58375,43.57,45.663333333333334,27.115384615384617,29.1675,56.887142857142855,56.25,0.0,46.43,48.666,56.46857142857142,50.0,0.0,0.0,0.0,0.0,5.0,52.5,53.86833333333333,85.71333333333332,48.67,59.4825,46.43,47.857142857142854,49.538333333333334,0.0,54.6425,0.0,0.0,53.97375,63.29857142857143,32.5,25.835,16.67,20.03,86.6675,43.334,50.0,20.060000000000002,0.0,15.555,65.41666666666667,33.33,31.785000000000004,NC_003075.7:3507956..3507966
