bin_1,bin_2,bin_3,bin_4,bin_5,bin_6,bin_7,bin_8,bin_9,bin_10,bin_11,bin_12,bin_13,bin_14,bin_15,bin_16,bin_17,bin_18,bin_19,bin_20,bin_21,bin_22,bin_23,bin_24,bin_25,bin_26,bin_27,bin_28,bin_29,bin_30,bin_31,bin_32,bin_33,bin_34,bin_35,bin_36,bin_37,bin_38,bin_39,bin_40,insertion
6.25,0.0,1.6670000000000003,0.0,0.0,0.0,0.0,0.0,0.0,0.0,0.0,0.0,4.16625,3.03,0.0,0.0,0.0,0.0,0.0,0.0,0.0,0.0,0.0,0.0,0.0,0.0,0.0,0.0,0.0,0.0,0.0,1.25,0.0,0.0,0.0,0.0,0.0,0.0,0.0,0.0,NC_003070.9:4423658..4423662
0.0,0.0,0.0,0.0,3.5725,0.0,0.0,45.9725,23.61,0.0,0.0,28.037499999999998,0.0,0.0,58.3475,0.0,26.665,10.0,55.0,27.322499999999998,0.0,0.0,0.0,0.0,0.0,0.0,0.0,0.0,0.0,1.2985714285714285,0.0,0.0,0.0,0.0,0.0,0.0,1.5625,0.0,0.0,0.0,NC_003070.9:29578508..29578514
0.0,0.0,0.0,2.5,0.0,2.060769230769231,0.0,0.0,0.0,0.0,0.0,0.0,0.0,0.0,0.0,0.0,0.0,0.0,0.0,0.0,8.0,11.905,0.0,0.0,0.0,0.0,0.0,3.5725,0.0,0.0,0.0,0.0,0.0,0.0,0.0,0.0,0.0,0.0,0.6941666666666667,0.0,NC_003075.7:81658..81663
45.835,28.165999999999997,33.2,13.99,37.85285714285714,18.75,29.636000000000003,50.0,49.1075,44.0,24.220000000000002,51.214999999999996,32.87,30.71111111111111,19.923333333333332,37.5,41.54833333333333,44.94666666666666,32.803333333333335,26.083076923076923,0.0,47.65888888888889,83.04615384615384,0.0,0.0,51.10125,51.85874999999999,67.22166666666668,0.0,0.0,0.0,0.0,26.494999999999997,0.0,58.63999999999999,39.82,60.0525,63.49250000000001,60.572,45.28428571428572,NC_003075.7:3507956..3507966
