insertion,TEIcoord,sample,zygoticity,orientaion_TEI,orientation_gene,consistency,bin_1,bin_2,bin_3,bin_4,bin_5,bin_6,bin_7,bin_8,bin_9,bin_10,bin_11,bin_12,bin_13,bin_14,bin_15,bin_16,bin_17,bin_18,bin_19,bin_20,bin_21,bin_22,bin_23,bin_24,bin_25,bin_26,bin_27,bin_28,bin_29,bin_30,bin_31,bin_32,bin_33,bin_34,bin_35,bin_36,bin_37,bin_38,bin_39,bin_40,bin_41,bin_42,bin_43,bin_44,bin_45,bin_46,bin_47,bin_48,bin_49,bin_50,bin_51,bin_52,bin_53,bin_54,bin_55,bin_56,bin_57,bin_58,bin_59,bin_60,bin_61,bin_62,bin_63,bin_64,bin_65,bin_66,bin_67,bin_68,bin_69,bin_70,bin_71,bin_72,bin_73,bin_74,bin_75,bin_76,bin_77,bin_78,bin_79,bin_80
NC_003070.9:4423658..4423662,NC_003070.9:4423657..4423662,SQK-NBD114-96_barcode21,hetero,plus,plus,yes,0.0,0.0,0.6896551724137931,0.0,1.1764705882352942,0.0,0.0,0.0,0.3448275862068966,0.0,10.7145,1.5154545454545456,0.7084848484848485,0.8695652173913043,0.0,0.3125,0.0,2.272727272727273,0.0,0.0,0.0,0.9615384615384616,0.0,0.0,0.5103571428571428,0.0,0.0,0.9090909090909092,0.0,0.0,0.0,0.0,1.9605882352941173,0.0,0.0,0.0,3.703333333333333,3.4311764705882357,5.846190476190476,4.002941176470588,1.1111111111111112,0.0,1.0416666666666667,0.0,1.0416666666666667,0.0,0.0,0.0,0.0,0.0,0.925925925925926,0.0,0.0,2.4726923076923075,0.9261111111111112,0.0,0.0,0.0,0.7144117647058823,0.0,0.0,0.0,0.0,0.0,0.9675,0.0,0.0,0.7407407407407407,5.9525,0.0,0.6060606060606061,0.694375,0.390625,0.0,0.4065853658536585,0.0,0.4878048780487805,0.9797142857142856,0.747948717948718,0.9261111111111112
NC_003070.9:29578508..29578514,NC_003070.9:29578507..29578514,SQK-NBD114-96_barcode21,homo,minus,,,0.255,0.2840625,0.0,0.0,0.3086111111111111,0.0,0.0,0.1893181818181818,0.9090909090909092,0.0,0.2957692307692308,0.255,0.0,0.0,0.0,0.0,0.8335000000000001,0.0,0.0,0.0,0.0,0.0,0.0,0.3086111111111111,0.0,2.182777777777778,44.3004761904762,24.350625000000004,10.971875,11.6075,27.493157894736843,18.72421052631579,17.018571428571427,18.277083333333334,53.23,12.32625,3.935,14.64529411764706,40.185625,20.685454545454547,0.7144999999999999,0.0,0.5051515151515152,0.4830434782608695,0.0,0.0,0.0,0.0,0.0,0.0,0.0,0.0,0.0,0.606,0.6944444444444444,0.3703703703703703,0.5496153846153846,0.5209375,0.5,0.5208333333333334,0.0,0.966086956521739,1.0714285714285714,0.3332,0.5377419354838711,0.0,0.0,0.0,0.0,0.204,0.0,0.0,0.0,0.0,0.0,0.0,0.0,0.6965217391304348,0.0,0.2261764705882353
