bin_1,bin_2,bin_3,bin_4,bin_5,bin_6,bin_7,bin_8,bin_9,bin_10,bin_11,bin_12,bin_13,bin_14,bin_15,bin_16,bin_17,bin_18,bin_19,bin_20,bin_21,bin_22,bin_23,bin_24,bin_25,bin_26,bin_27,bin_28,bin_29,bin_30,bin_31,bin_32,bin_33,bin_34,bin_35,bin_36,bin_37,bin_38,bin_39,bin_40,insertion
0.0,0.0,0.0,0.0,0.0,0.0,0.0,0.0,0.0,0.0,0.0,0.0,4.16625,0.0,5.555,0.0,0.0,0.0,0.0,0.0,0.0,0.0,1.5625,1.0416666666666667,0.0,0.0,6.0609090909090915,0.0,0.0,0.0,0.0,0.0,1.299090909090909,0.0,0.0,0.0,0.0,0.0,0.0,0.0,NC_003070.9:4423658..4423662
0.0,0.0,0.0,0.0,5.0,0.0,87.09499999999998,100.0,81.6675,0.0,100.0,94.17625,100.0,0.0,94.60666666666667,0.0,92.33,78.1825,98.4375,64.53125,5.0,0.0,0.0,0.0,0.0,0.0,0.0,1.111,0.0,0.0,0.0,0.0,0.0,0.0,0.0,0.0,0.0,18.75,16.6675,0.0,NC_003070.9:29578508..29578514
0.0,0.78125,0.0,0.0,0.8333333333333334,0.694375,0.0,0.0,0.0,0.0,0.0,0.0,0.0,0.0,0.0,9.09,0.0,0.0,0.0,0.0,51.19199999999999,0.0,0.0,0.0,0.0,0.0,6.6414285714285715,0.0,0.0,0.0,0.0,0.0,0.0,0.0,0.0,0.0,0.0,0.0,0.0,0.0,NC_003075.7:81658..81663
75.525,63.957499999999996,88.485,60.715,87.87875,86.82117647058823,54.53399999999999,98.5675,97.5,95.00111111111111,85.29777777777777,78.4325,94.35388888888889,0.0,66.251,92.85666666666667,81.25571428571428,79.49684210526316,90.44533333333334,96.33818181818182,62.223333333333336,92.87499999999999,80.88571428571429,61.211666666666666,88.095,68.57000000000001,46.6375,90.284375,0.0,0.0,0.0,0.0,66.03,0.0,85.2075,61.248125,80.91,0.0,71.57625,72.23285714285714,NC_003075.7:3507956..3507966
