bin_1,bin_2,bin_3,bin_4,bin_5,bin_6,bin_7,bin_8,bin_9,bin_10,bin_11,bin_12,bin_13,bin_14,bin_15,bin_16,bin_17,bin_18,bin_19,bin_20,bin_21,bin_22,bin_23,bin_24,bin_25,bin_26,bin_27,bin_28,bin_29,bin_30,bin_31,bin_32,bin_33,bin_34,bin_35,bin_36,bin_37,bin_38,bin_39,bin_40,insertion
0.0,0.9615384615384616,0.0,0.0,0.5103571428571428,0.0,0.0,0.9090909090909091,0.0,0.0,0.0,0.0,1.9605882352941175,0.0,0.0,0.0,3.703333333333333,3.4311764705882353,5.846190476190476,4.002941176470588,1.1111111111111112,0.0,1.0416666666666667,0.0,1.0416666666666667,0.0,0.0,0.0,0.0,0.0,0.9259259259259259,0.0,0.0,2.4726923076923075,0.9261111111111112,0.0,0.0,0.0,0.7144117647058823,0.0,NC_003070.9:4423658..4423662
0.0,0.0,0.0,0.3086111111111111,0.0,2.182777777777778,44.300476190476196,24.350625000000004,10.971875,11.6075,27.493157894736843,18.72421052631579,17.018571428571427,18.277083333333334,53.230000000000004,12.32625,3.935,14.64529411764706,40.185625,20.685454545454547,0.7144999999999999,0.0,0.5051515151515152,0.4830434782608695,0.0,0.0,0.0,0.0,0.0,0.0,0.0,0.0,0.0,0.606,0.6944444444444444,0.37037037037037035,0.5496153846153846,0.5209375,0.5,0.5208333333333334,NC_003070.9:29578508..29578514
0.0,0.0,0.0,0.0,2.0414285714285714,0.0,0.0,1.4285714285714286,0.0,0.0,0.223125,2.1603703703703703,0.0,0.6756756756756757,0.0,2.083125,0.9375,0.5882352941176471,0.8333333333333334,2.596206896551724,0.42,2.536086956521739,1.0869565217391304,0.6944444444444444,1.0,0.3203846153846154,0.41318181818181815,0.8546153846153846,2.272727272727273,0.0,0.35105263157894734,0.0,0.0,1.1363636363636365,0.0,0.0,0.0,0.0,0.0,0.0,NC_003075.7:81658..81663
32.687599999999996,14.881333333333336,11.03,7.988333333333332,17.23,33.785,12.233571428571429,20.007894736842104,31.09,23.193157894736842,27.5925,12.222666666666669,46.96545454545455,8.117777777777778,14.623333333333335,7.3412,28.667,21.667333333333335,17.58111111111111,26.944166666666664,20.574999999999996,10.595882352941176,32.80352941176471,13.979722222222225,25.332500000000007,13.014615384615384,24.898000000000003,8.801052631578948,12.958,14.302121212121213,19.345999999999997,15.275833333333331,22.415714285714284,11.260666666666667,26.676071428571426,13.704736842105262,26.00095238095238,26.337666666666667,16.673461538461538,8.25054054054054,NC_003075.7:3507956..3507966
