bin_1,bin_2,bin_3,bin_4,bin_5,bin_6,bin_7,bin_8,bin_9,bin_10,bin_11,bin_12,bin_13,bin_14,bin_15,bin_16,bin_17,bin_18,bin_19,bin_20,bin_21,bin_22,bin_23,bin_24,bin_25,bin_26,bin_27,bin_28,bin_29,bin_30,bin_31,bin_32,bin_33,bin_34,bin_35,bin_36,bin_37,bin_38,bin_39,bin_40,bin_41,bin_42,bin_43,bin_44,bin_45,bin_46,bin_47,bin_48,bin_49,bin_50,bin_51,bin_52,bin_53,bin_54,bin_55,bin_56,bin_57,bin_58,bin_59,bin_60,bin_61,bin_62,bin_63,bin_64,bin_65,bin_66,bin_67,bin_68,bin_69,bin_70,bin_71,bin_72,bin_73,bin_74,bin_75,bin_76,bin_77,bin_78,bin_79,bin_80,insertion
32.98625,56.25,35.415,13.57,35.71,16.6675,0,0,89.13499999999999,29.365,19.6425,46.455000000000005,6.666666666666667,46.40230769230769,64.76333333333334,8.335,68.125,59.87285714285714,28.335,7.69,45.45,34.735,16.3125,13.673333333333332,48.58625,44.44,42.38166666666667,38.095,41.334,58.332499999999996,19.208333333333332,51.606249999999996,47.056,46.852222222222224,41.026666666666664,85.35333333333334,40.76454545454545,47.915,35.71666666666667,27.225000000000005,0,41.816250000000004,61.58,50.0,0,45.0,50.010000000000005,50.0,0.0,0,52.082499999999996,92.85499999999999,43.428,67.85499999999999,47.292500000000004,76.428,30.37,69.305,46.43,47.61833333333333,40.74333333333333,90.0,42.8575,57.906000000000006,10.0,75.0,35.77333333333333,51.138571428571424,50.00333333333333,28.89,21.831249999999997,83.33500000000001,50.0,50.833333333333336,18.027142857142856,26.25,37.678333333333335,52.625,33.33,34.82,NC_003075.7:3507956..3507966
