bin_1,bin_2,bin_3,bin_4,bin_5,bin_6,bin_7,bin_8,bin_9,bin_10,bin_11,bin_12,bin_13,bin_14,bin_15,bin_16,bin_17,bin_18,bin_19,bin_20,bin_21,bin_22,bin_23,bin_24,bin_25,bin_26,bin_27,bin_28,bin_29,bin_30,bin_31,bin_32,bin_33,bin_34,bin_35,bin_36,bin_37,bin_38,bin_39,bin_40,insertion
78.64428571428572,75.4175,84.045,92.85666666666667,95.11357142857143,93.79777777777778,86.12666666666667,90.82066666666667,92.0,90.89818181818181,90.25916666666666,97.71157894736842,94.97941176470587,0,90.6825,100.0,91.6246153846154,93.35099999999998,99.1075,95.455,75.0,95.13833333333332,75.74375,91.68333333333334,92.85499999999999,84.5225,65.28,86.15,100.0,0,91.66499999999999,86.6075,90.9725,0,86.60666666666667,85.20285714285714,93.21375,0,65.775,68.75,NC_003075.7:3507956..3507966
