bin_1,bin_2,bin_3,bin_4,bin_5,bin_6,bin_7,bin_8,bin_9,bin_10,bin_11,bin_12,bin_13,bin_14,bin_15,bin_16,bin_17,bin_18,bin_19,bin_20,bin_21,bin_22,bin_23,bin_24,bin_25,bin_26,bin_27,bin_28,bin_29,bin_30,bin_31,bin_32,bin_33,bin_34,bin_35,bin_36,bin_37,bin_38,bin_39,bin_40,bin_41,bin_42,bin_43,bin_44,bin_45,bin_46,bin_47,bin_48,bin_49,bin_50,bin_51,bin_52,bin_53,bin_54,bin_55,bin_56,bin_57,bin_58,bin_59,bin_60,bin_61,bin_62,bin_63,bin_64,bin_65,bin_66,bin_67,bin_68,bin_69,bin_70,bin_71,bin_72,bin_73,bin_74,bin_75,bin_76,bin_77,bin_78,bin_79,bin_80,insertion
2.08375,25.544285714285714,5.965263157894737,6.142666666666667,11.514583333333334,9.523157894736842,10.92344827586207,11.599565217391303,35.92388888888888,14.602916666666667,9.2085,11.444666666666668,19.78684210526316,9.16263157894737,17.87722222222222,5.3575,12.205882352941176,12.472307692307691,33.47,7.153125,28.28611111111111,16.201428571428572,7.213571428571428,11.7044,10.862,26.980454545454542,11.399615384615384,9.589444444444446,30.31,20.193125,16.53846153846154,27.5,60.18555555555557,3.183478260869565,19.138636363636365,6.019,32.166,33.40545454545454,5.048,18.66909090909091,8.27875,11.725238095238094,13.623499999999998,6.766,15.718275862068966,7.557741935483871,18.22,14.390588235294118,9.733600000000001,16.198055555555555,26.03,10.338947368421051,21.247500000000002,23.588823529411766,23.105416666666667,22.745,25.343529411764706,15.677241379310344,15.42875,11.8476,16.49962962962963,13.707857142857145,9.9476,13.475384615384616,11.3865625,17.23333333333333,9.525652173913043,17.603846153846156,9.444642857142858,20.0425,15.1865,4.6445454545454545,13.296799999999998,6.617647058823529,10.509655172413794,7.99625,8.92909090909091,14.961785714285714,13.38464285714286,17.054285714285715,NC_003075.7:3507956..3507966
