bin_1,bin_2,bin_3,bin_4,bin_5,bin_6,bin_7,bin_8,bin_9,bin_10,bin_11,bin_12,bin_13,bin_14,bin_15,bin_16,bin_17,bin_18,bin_19,bin_20,bin_21,bin_22,bin_23,bin_24,bin_25,bin_26,bin_27,bin_28,bin_29,bin_30,bin_31,bin_32,bin_33,bin_34,bin_35,bin_36,bin_37,bin_38,bin_39,bin_40,insertion
45.45,34.735,16.3125,13.673333333333332,48.58625,44.44,42.38166666666667,38.095,41.334,58.332499999999996,19.208333333333332,51.606249999999996,47.056,46.852222222222224,41.026666666666664,85.35333333333334,40.76454545454545,47.915,35.71666666666667,27.225000000000005,0,41.816250000000004,61.58,50.0,0,45.0,50.010000000000005,50.0,0.0,0,52.082499999999996,92.85499999999999,43.428,67.85499999999999,47.292500000000004,76.428,30.37,69.305,46.43,47.61833333333333,NC_003075.7:3507956..3507966
