bin_1,bin_2,bin_3,bin_4,bin_5,bin_6,bin_7,bin_8,bin_9,bin_10,bin_11,bin_12,bin_13,bin_14,bin_15,bin_16,bin_17,bin_18,bin_19,bin_20,bin_21,bin_22,bin_23,bin_24,bin_25,bin_26,bin_27,bin_28,bin_29,bin_30,bin_31,bin_32,bin_33,bin_34,bin_35,bin_36,bin_37,bin_38,bin_39,bin_40,insertion
28.28611111111111,16.201428571428572,7.213571428571428,11.7044,10.862,26.980454545454542,11.399615384615384,9.589444444444446,30.31,20.193125,16.53846153846154,27.5,60.18555555555557,3.183478260869565,19.138636363636365,6.019,32.166,33.40545454545454,5.048,18.66909090909091,8.27875,11.725238095238094,13.623499999999998,6.766,15.718275862068966,7.557741935483871,18.22,14.390588235294118,9.733600000000001,16.198055555555555,26.03,10.338947368421051,21.247500000000002,23.588823529411766,23.105416666666667,22.745,25.343529411764706,15.677241379310344,15.42875,11.8476,NC_003075.7:3507956..3507966
