bin_1,bin_2,bin_3,bin_4,bin_5,bin_6,bin_7,bin_8,bin_9,bin_10,bin_11,bin_12,bin_13,bin_14,bin_15,bin_16,bin_17,bin_18,bin_19,bin_20,bin_21,bin_22,bin_23,bin_24,bin_25,bin_26,bin_27,bin_28,bin_29,bin_30,bin_31,bin_32,bin_33,bin_34,bin_35,bin_36,bin_37,bin_38,bin_39,bin_40,bin_41,bin_42,bin_43,bin_44,bin_45,bin_46,bin_47,bin_48,bin_49,bin_50,bin_51,bin_52,bin_53,bin_54,bin_55,bin_56,bin_57,bin_58,bin_59,bin_60,bin_61,bin_62,bin_63,bin_64,bin_65,bin_66,bin_67,bin_68,bin_69,bin_70,bin_71,bin_72,bin_73,bin_74,bin_75,bin_76,bin_77,bin_78,bin_79,bin_80,insertion
94.94000000000001,94.88791666666667,83.96857142857142,93.215,93.63125000000001,97.2225,0,88.81285714285715,0,94.345,100.0,84.77272727272728,89.30250000000001,77.02250000000001,89.16499999999999,86.515,90.81611111111113,85.8275,85.99166666666667,82.53,78.64428571428572,75.4175,84.045,92.85666666666667,95.11357142857143,93.79777777777778,86.12666666666667,90.82066666666667,92.0,90.89818181818181,90.25916666666666,97.71157894736842,94.97941176470587,0,90.6825,100.0,91.6246153846154,93.35099999999998,99.1075,95.455,75.0,95.13833333333332,75.74375,91.68333333333334,92.85499999999999,84.5225,65.28,86.15,100.0,0,91.66499999999999,86.6075,90.9725,0,86.60666666666667,85.20285714285714,93.21375,0,65.775,68.75,84.86166666666666,100.0,0,90.0,90.0,91.75,0,92.2225,87.40833333333335,78.00285714285714,100.0,87.5,77.5,95.55571428571429,86.11,0,93.75,72.0225,74.75999999999999,100.0,NC_003075.7:3507956..3507966
